State,Year,NO2 Mean,O3 Mean,SO2 Mean,CO Mean,SO2 AQI,CO AQI,O3 AQI,NO2 AQI,Year Average
Alabama,2013,0.012065634967741937,0.012098838709677418,0.000771912935483871,0.21187274193548386,6.580645161290323,4.129032258064516,18.903225806451612,21.387096774193548,0.05920228213709677
Alabama,2014,0.009412271341059599,0.024632635761589406,0.0011976176887417212,0.20614386092715245,7.956953642384106,3.7152317880794703,36.94701986754967,21.486754966887418,0.060346596429635795
Alabama,2015,0.009078580206666662,0.02399996666666667,0.001028069163333333,0.22138960333333343,6.95,3.933333333333333,37.343333333333334,20.026666666666667,0.06387405484250003
Alabama,2016,0.009524873194630872,0.028347744966442965,0.000859121288590604,0.21009688590604028,5.275167785234899,3.9060402684563758,39.29530201342282,23.093959731543624,0.06220715633892618
Alaska,2014,0.011658509608938546,0.010306575418994416,0.005955795312849161,0.45523198324022357,14.0,6.983240223463687,15.206703910614525,21.16759776536313,0.12078821589525142
Alaska,2015,0.011147825495238094,0.014200752380952376,0.006184455619047614,0.40685846984127,14.793650793650794,6.26984126984127,19.136507936507936,18.67936507936508,0.10959787583412703
Arizona,2000,0.026492343517045405,0.023663685227272763,0.002297970363636359,0.7460747761363631,7.4795454545454545,15.169318181818182,39.04204545454545,47.127272727272725,0.1996321938110794
Arizona,2001,0.022741468257709268,0.021631868942731298,0.0016740732092511044,0.6524227048458152,5.88215859030837,13.253303964757709,34.919603524229075,41.486784140969164,0.1746175288138767
Arizona,2002,0.023667800261351044,0.022801819490586923,0.0018822873444075301,0.707596469545958,6.842746400885936,13.655592469545958,36.72093023255814,43.52713178294574,0.18898709416057588
Arizona,2003,0.023099057885534603,0.022509245283018852,0.0018074476364779814,0.6339044867924523,6.568553459119497,12.241509433962264,35.48050314465409,41.89182389937107,0.17033005939937093
Arizona,2004,0.020126815505039187,0.0226097110862262,0.0016357470380739046,0.5119184804031359,5.931690929451288,9.879059350503919,35.64837625979843,38.64725643896976,0.1390726885081188
Arizona,2005,0.02135674226523545,0.023742904432132998,0.001857339219529081,0.6201663843490314,5.409972299168975,11.117728531855956,38.24653739612188,38.99445983379501,0.16678084256648223
Arizona,2006,0.020832936144466546,0.025206069582504917,0.00169889064214711,0.5577841464546048,4.937707090788602,10.44599072233267,40.269052352551356,38.38634857521537,0.15138051070593084
Arizona,2007,0.01933187704765622,0.024248746093750016,0.0015279936351562484,0.5106923249999998,4.35078125,9.6578125,37.375,36.42734375,0.1389502354441406
Arizona,2008,0.018256082296089417,0.02555710933758982,0.0014664453591380629,0.4274801787709486,4.1492418196328815,7.874700718276137,38.68156424581006,35.94173982442139,0.11818995394094148
Arizona,2009,0.01715495484525659,0.025390199844479017,0.0011850514455676482,0.424618349922239,3.201399688958009,7.572317262830482,37.11508553654743,33.80248833592535,0.11708713901438557
Arizona,2010,0.01591174787773585,0.02591067849056606,0.0010572230611320729,0.36707811773584875,3.0558490566037735,6.652075471698113,37.817358490566036,31.996981132075472,0.10248944179132069
Arizona,2011,0.016607303527435613,0.026828104143337084,0.0007867001500559914,0.3439127278835396,2.4501679731243002,6.216125419932811,38.694288913773796,31.609182530795074,0.09703370892609207
Arizona,2012,0.017825383705632306,0.0265207704569607,0.0009254900913921352,0.34397345270988344,2.3910733262486716,6.42720510095643,40.375132837407016,34.26673751328374,0.09731127424096715
Arizona,2013,0.015479527667006113,0.027972658859470464,0.0007293351965376788,0.32171011812627476,2.174134419551935,5.763747454175153,43.91140529531568,30.119144602851325,0.09147290996232225
Arizona,2014,0.01610789703632694,0.02656135721493442,0.000936728934409689,0.4058642946518677,2.36226034308779,7.070635721493441,44.73965691220989,31.290615539858727,0.11236756945938468
Arizona,2015,0.012698742684055112,0.028145092519685087,0.000597132933070866,0.3569322844488191,1.6368110236220472,6.0,44.89763779527559,26.20767716535433,0.09959331314640754
Arizona,2016,0.015811195011764697,0.022137347058823524,0.00040799584705882323,0.46871347647058825,1.1176470588235294,7.788235294117647,37.370588235294115,29.652941176470588,0.12676750359705882
Arkansas,2007,0.01078174473351648,0.024740642857142878,0.003170609843406594,0.5909455329670332,6.447802197802198,8.39010989010989,34.94505494505494,22.88736263736264,0.1574096326002748
Arkansas,2008,0.00899139492896175,0.024889740437158477,0.001766043215846994,0.4454324617486334,4.527322404371585,6.459016393442623,32.35792349726776,19.838797814207652,0.12026991008265014
Arkansas,2009,0.009146337060273978,0.024487189041095894,0.001738674156164385,0.4249689150684932,4.463013698630137,6.2465753424657535,31.69041095890411,18.84931506849315,0.11508527883150686
Arkansas,2010,0.01000474883749999,0.02764992013888892,0.0013040755368055512,0.456336543055556,3.011111111111111,6.486111111111111,36.015277777777776,21.80902777777778,0.12382382189218762
Arkansas,2011,0.009982133810958896,0.027461282191780803,0.0013814368931506836,0.448421432876712,2.9863013698630136,6.178082191780822,35.701369863013696,21.115068493150684,0.12181157144315059
Arkansas,2012,0.010571701807113532,0.02788028180574562,0.0013205987770177842,0.4682458536251698,2.7852257181942544,6.459644322845417,36.482900136798904,23.77564979480164,0.12700460900376168
Arkansas,2013,0.009791679257534264,0.025577408219178054,0.0013155533630137,0.3851458657534247,2.4315068493150687,5.428767123287671,35.676712328767124,22.013698630136986,0.10545762664828767
Arkansas,2014,0.00886205075616438,0.023851506849314946,0.0011574839616438327,0.34780512465753427,2.326027397260274,4.778082191780822,33.37260273972603,20.041095890410958,0.09541904155616436
Arkansas,2015,0.008612832870879116,0.024334931318681315,0.0011253333763736257,0.30612627472527476,2.3653846153846154,4.25,33.456043956043956,19.423076923076923,0.08504984307280221
Arkansas,2016,0.008661112791208795,0.026009593406593406,0.0006772785054945054,0.32272989010989006,0.8241758241758241,4.637362637362638,32.824175824175825,20.274725274725274,0.08951946870329669
California,2000,0.017580979663830633,0.023675493216831545,0.001730039137387914,0.6475078108760661,6.0457576454357325,11.268912393653714,32.71614164175673,29.99344676937227,0.17262358072352907
California,2001,0.017758503243257673,0.024845459116793814,0.0018229172694746094,0.6254020833781001,6.3330826259804445,10.6157730740303,34.300741377457825,30.47996131943698,0.16745724075190654
California,2002,0.016757113547704573,0.026341616000821667,0.001636501480332761,0.6049189433090268,5.476738215055972,10.288487213720858,35.384307281503546,28.787511553866693,0.16241354358447146
California,2003,0.015794648601192944,0.02564425672451199,0.001506606395986987,0.5779912134490276,4.833297180043384,9.748373101952277,35.5885032537961,27.58600867678959,0.15523418129267988
California,2004,0.01514270217027052,0.025996299893654772,0.001841613031194627,0.520203041002007,5.537870731419119,8.617511520737327,34.673756351175705,26.361573909961006,0.14079591402428174
California,2005,0.013966157755535032,0.025121371309963086,0.0016650311514068456,0.46161012834409415,4.965405904059041,7.593980627306273,33.47301660516605,24.521563653136532,0.12559067214024977
California,2006,0.014016162019892303,0.02627315808565408,0.0013913322223262463,0.44657589796395686,4.760121694359935,7.402527498244793,34.93201497776737,25.069857243154694,0.12206413757295737
California,2007,0.013080410197582767,0.026669308945721375,0.0012238582585518513,0.41790475526060566,3.9398942484083306,6.7350814718895,34.51548505449444,23.681989856479984,0.11471958316561541
California,2008,0.01297797296072112,0.02697628031189086,0.0011019225070175306,0.39239913352826594,3.5504873294346977,6.336744639376218,36.65428849902534,23.721832358674465,0.10836382732697386
California,2009,0.012917624975656038,0.02613807906197658,0.0010128628767169176,0.3969994694584004,2.836404243439419,6.438860971524288,35.32071468453378,22.89424902289224,0.10926700909318748
California,2010,0.012243274501022142,0.02567068226097413,0.0007300730589296495,0.3462044222489453,2.085628382441371,5.5374624173181,33.541190619362595,21.953337342152736,0.0962121130174678
California,2011,0.012285100108995554,0.02613213199272655,0.0007184886886298051,0.36259082821691185,1.8042571398010483,5.76906621028987,35.747673547973044,21.737618996684137,0.10043163725181595
California,2012,0.0110766702669337,0.026867236829327616,0.0006094327823500829,0.3385978434085888,1.5118960912842923,5.3901432386501575,35.90543821315853,19.642146151978636,0.09428779582180005
California,2013,0.011763443991184,0.0260749541345831,0.0004842077710076987,0.356878329204327,1.2603504073206115,5.6745898895212585,37.69456533868988,20.671353643566565,0.09880023377527544
California,2014,0.010883757424498378,0.02695714267276792,0.0005024587836442514,0.3457433512847514,1.2272673941100551,5.407720286284173,40.74680276897806,19.62865188313974,0.0960216775414155
California,2015,0.010269494693140367,0.027560055825833072,0.00046727977073704273,0.3344378555096041,1.2454390659207006,5.364874726343955,41.070785696910725,18.935538798345902,0.09318367144982864
California,2016,0.008095971647529076,0.025310642441860466,0.0006134111511627904,0.36129110973837236,1.1729651162790697,5.661337209302325,32.906976744186046,16.153343023255815,0.09882778374473117
Colorado,2000,0.014902468989041098,0.01706601643835617,0.0021136571698630153,0.6150314136986301,21.50958904109589,11.558904109589042,27.553424657534247,32.75342465753425,0.1622783890739726
Colorado,2001,0.0257834007165109,0.01637624922118379,0.0024244933457943907,0.6305479190031157,23.98753894080997,11.925233644859814,27.118380062305295,48.03115264797508,0.1687830155716512
Colorado,2002,0.019770056959558822,0.020596411764705894,0.002245816088235294,0.5008158125,22.415441176470587,9.525735294117647,33.10294117647059,37.911764705882355,0.135857024328125
Colorado,2003,0.02106490587540985,0.019387724590163937,0.0019825515049180322,0.5535508295081969,19.20327868852459,10.232786885245902,31.537704918032787,40.91475409836065,0.14899650286967217
Colorado,2004,0.02164520825072887,0.01720207288629738,0.001897865790087463,0.6191145364431484,15.641399416909621,10.612244897959183,27.08454810495627,39.886297376093296,0.16496492084256553
Colorado,2005,0.024169926079922043,0.018813407407407404,0.0019312040272904448,0.6202610643274854,13.559454191033138,10.206627680311891,30.22222222222222,42.6588693957115,0.16629390046052633
Colorado,2006,0.024644735138629272,0.020494109034267894,0.0020885889158878492,0.5743876386292828,13.172897196261681,9.855140186915888,29.401869158878505,42.23364485981308,0.15540376792951693
Colorado,2007,0.023835024832137747,0.02169165853658536,0.0019223353012912483,0.5519882195121956,12.527977044476327,9.407460545193688,31.203730272596843,41.503586800573885,0.1498593095455525
Colorado,2008,0.019069384095890422,0.02562375890410959,0.0018260673315068487,0.4072205616438356,11.164383561643836,7.501369863013698,38.01917808219178,38.673972602739724,0.11343494299383561
Colorado,2009,0.014230846937499991,0.026782818750000013,0.0013502231468749996,0.3576652218750001,10.121875,6.515625,38.8,30.61875,0.10000727767734378
Colorado,2010,0.016169799655660372,0.02295061792452831,0.0010145607735849056,0.36687250471698135,7.59433962264151,6.679245283018868,32.60849056603774,31.235849056603772,0.10175187076768874
Colorado,2011,0.017521029481132065,0.027857723270440254,0.0014137262955974833,0.33534956918238984,8.855345911949685,5.767295597484277,42.06603773584906,36.062893081761004,0.09553551205738992
Colorado,2012,0.020328153513909233,0.026305467057100993,0.0013461975300146404,0.373196197657394,9.207906295754027,6.193265007320644,35.52855051244509,36.45827232796486,0.10529400393960471
Colorado,2013,0.014342691029523784,0.028709088571428516,0.00106459689047619,0.30974190857142836,7.086666666666667,5.08952380952381,39.153333333333336,25.502857142857142,0.0884645712657142
Colorado,2014,0.016914251364477346,0.027252689176688254,0.0009497864153561504,0.32076028954671687,4.297872340425532,5.431082331174838,38.46068455134135,30.13691026827012,0.09146925412580965
Colorado,2015,0.02003913501435403,0.024472424880382784,0.0010400522038277503,0.3914162210526312,4.9330143540669855,6.544497607655503,38.67846889952153,35.527272727272724,0.10924195828779894
Colorado,2016,0.023623820286245358,0.020989141263940515,0.001015169342007435,0.45377025278810434,3.9479553903345725,7.843866171003717,31.286245353159853,42.15985130111524,0.12484959592007441
Connecticut,2006,0.017444166465116283,0.026086017441860464,0.0032159060116279062,0.4799303139534881,15.19767441860465,6.796511627906977,35.127906976744185,32.9593023255814,0.1316691009680232
Connecticut,2007,0.012619994654275095,0.029019812267658013,0.0017632972695167278,0.3169914739776953,7.263940520446097,4.533457249070632,43.13382899628253,26.345724907063197,0.09009864454228628
Connecticut,2008,0.010536739588353411,0.02607891967871486,0.0012617941224899606,0.34438850803212884,4.483935742971887,4.969879518072289,37.144578313253014,22.393574297188756,0.09556649035542177
Connecticut,2009,0.01086337633997153,0.02375181223328593,0.0014280734850640113,0.3149504395448072,5.227596017069701,4.601706970128022,31.2972972972973,21.733997155049785,0.08774842540078218
Connecticut,2010,0.009739028127340817,0.027474275905118552,0.0009676318776529329,0.28065850561797623,3.4519350811485645,4.0649188514357055,35.34332084893882,20.530586766541823,0.07970986038202213
Connecticut,2011,0.008539704338664154,0.02897128316086547,0.0009200777638758226,0.2216951571025396,3.185324553151458,3.206961429915334,34.92944496707432,17.55126999059266,0.06503155559148625
Connecticut,2012,0.007276309031775693,0.030193727102803745,0.000654490879439252,0.2142015130841115,2.0598130841121494,2.994392523364486,38.1196261682243,15.243925233644859,0.06308151002453255
Connecticut,2013,0.007411335839067698,0.03119489900110989,0.000564602779134295,0.20330029189789078,1.5738068812430632,2.846836847946726,36.48168701442841,15.203107658157602,0.06061778237930067
Connecticut,2014,0.007237452216247138,0.030385449656750572,0.0005869753970251719,0.20268545308924446,1.5251716247139588,2.796338672768879,38.83524027459954,14.94508009153318,0.06022383258981684
Connecticut,2015,0.008045103610660489,0.03110335689455387,0.00037682204403244476,0.2161058771726533,0.6697566628041715,3.060254924681344,40.79258400926999,15.851680185399768,0.06390778993047502
Country Of Mexico,2006,0.020451521242841986,0.023011423117709418,0.0015863846977730632,0.8950645217391303,6.6680805938494165,18.721102863202546,34.29798515376458,38.72216330858961,0.2350284626993637
Country Of Mexico,2007,0.02033864072142858,0.022467707142857125,0.0016395332261904766,0.8146219642857142,7.1571428571428575,17.45,34.107142857142854,37.54047619047619,0.2147669613440476
Country Of Mexico,2008,0.01993821527411168,0.02108624111675126,0.0016933765380710657,0.7870482258883256,5.380710659898477,17.776649746192895,32.119289340101524,39.80456852791878,0.2074415147043149
Country Of Mexico,2009,0.02295558669090909,0.02217830909090909,0.0059326811636363636,1.065077072727273,11.218181818181819,21.87272727272727,26.181818181818183,42.945454545454545,0.2790359124181819
Country Of Mexico,2010,0.018591049763231175,0.022187473537604457,0.001960829724233984,0.8092841810584959,5.094707520891365,15.038997214484679,29.568245125348188,33.325905292479106,0.21300588352089136
Country Of Mexico,2011,0.022386008462264156,0.01684297169811321,0.003601914816037734,0.9192206226415095,8.443396226415095,16.919811320754718,22.32075471698113,38.22641509433962,0.24051287940448116
Delaware,2011,0.01107123297619049,0.024982753968253956,0.0012425163174603177,0.24717575793650814,3.357142857142857,3.6706349206349205,33.285714285714285,21.099206349206348,0.07111806529960323
Delaware,2012,0.012488382103004285,0.02653523605150213,0.0010230407167381966,0.26655741630901264,2.815450643776824,3.927038626609442,35.652360515021456,22.296137339055793,0.07665101879506431
Delaware,2013,0.01079212688372093,0.028940674418604647,0.0009178201162790689,0.23947026356589124,2.317829457364341,3.248062015503876,35.16279069767442,20.868217054263567,0.07003022124612397
Delaware,2014,0.011662559219999995,0.026229789999999996,0.0011364464500000005,0.2547675200000001,3.44,3.81,35.99,20.98,0.07344907891750002
Delaware,2015,0.010108152603603603,0.028344837837837845,0.0007674746486486486,0.3014294684684686,2.3603603603603602,4.2792792792792795,42.03603603603604,19.01801801801802,0.08516248338963966
Delaware,2016,0.013771055452380948,0.025158940476190477,0.0008438551904761904,0.28443767857142843,1.9523809523809523,4.464285714285714,32.04761904761905,25.988095238095237,0.08105288242261902
District Of Columbia,2000,0.022725717307692312,0.017567395604395606,0.00817217773901099,1.178785615384616,24.774725274725274,18.563186813186814,27.956043956043956,37.2967032967033,0.3068127265089287
District Of Columbia,2001,0.024474311183381066,0.020935893982808013,0.006700384309455581,1.0779448194842414,23.011461318051577,17.312320916905446,32.47277936962751,38.93409742120344,0.2825138522399715
District Of Columbia,2002,0.024441035802739736,0.024150441095890374,0.006738691999999997,1.1611508493150682,23.912328767123288,17.15890410958904,37.345205479452055,39.8,0.30412025455342456
District Of Columbia,2003,0.022640754349030463,0.01937184764542937,0.008365124235457053,0.8988576426592795,25.64819944598338,14.570637119113574,28.445983379501385,36.11357340720222,0.2373088422222991
District Of Columbia,2004,0.02095640372527471,0.0194981758241758,0.0065013734065933965,0.6197777170329666,21.546703296703296,10.645604395604396,27.662087912087912,33.94230769230769,0.16668341749725263
District Of Columbia,2005,0.02083678835911603,0.021643571823204408,0.004509871919889501,0.8515123093922653,16.76795580110497,12.972375690607734,31.734806629834253,34.4171270718232,0.22462563537361882
District Of Columbia,2006,0.015966559909589045,0.026704019178082176,0.004547241569863012,1.1179629369863018,16.197260273972603,15.284931506849315,38.11506849315069,29.60821917808219,0.291295189410959
District Of Columbia,2007,0.015339498768545989,0.028567893175074223,0.005047109189910984,1.1996081216617205,16.548961424332344,15.765578635014837,40.55192878338279,29.10385756676558,0.31214065569881294
District Of Columbia,2008,0.01805779923611111,0.02646769999999998,0.005570731722222219,1.2228164750000008,15.044444444444444,15.927777777777777,36.17777777777778,32.227777777777774,0.3182281764895835
District Of Columbia,2009,0.018302954069060767,0.023656215469613252,0.004548703052486184,0.8679062790055253,12.56353591160221,11.92817679558011,30.223756906077348,31.38121546961326,0.22860353789917137
District Of Columbia,2010,0.017643917554945078,0.028239994505494477,0.0033753768571428574,0.8855778873626377,8.17032967032967,11.997252747252746,39.27472527472528,30.994505494505493,0.23370929407005503
District Of Columbia,2011,0.015928041517241368,0.024555445977011498,0.003599867875862066,0.6702266206896552,7.117241379310345,9.662068965517241,32.57701149425287,28.137931034482758,0.17857749401494255
District Of Columbia,2012,0.01623560022727274,0.025962012237762247,0.0016786830961538445,0.595432447552448,4.101398601398602,8.660839160839162,34.44055944055944,27.917832167832167,0.1598271857784092
District Of Columbia,2013,0.011507103134146355,0.02549212652439025,0.001005188356707317,0.3407792911585359,2.2439024390243905,5.050304878048781,33.16463414634146,22.288109756097562,0.09469592729344495
District Of Columbia,2014,0.012302943370023401,0.024595138173302097,0.0011325426370023416,0.3590386744730679,3.098360655737705,5.426229508196721,33.61826697892272,23.44496487119438,0.09926732466334894
District Of Columbia,2015,0.013236773227272732,0.026698127272727298,0.001288958130303031,0.27269433333333376,3.4363636363636365,4.290909090909091,37.00909090909091,24.37272727272727,0.0784795479909092
District Of Columbia,2016,0.012460649844827585,0.031057155172413795,0.0009886306206896552,0.2563609827586206,2.206896551724138,3.586206896551724,38.91379310344828,25.689655172413794,0.07521685459913792
Florida,2000,0.012453038323033704,0.026261261235955027,0.001983243971910111,0.7268843679775279,7.556179775280899,10.342696629213483,39.21910112359551,25.573033707865168,0.19189547787710667
Florida,2001,0.012362754173295453,0.02417337784090908,0.0011545261789772732,0.6402088920454543,6.167613636363637,9.011363636363637,35.04545454545455,25.056818181818183,0.16947488755965903
Florida,2002,0.011313961369146003,0.023168024793388444,0.0006695066418732784,0.4737055757575757,4.008264462809917,7.2809917355371905,33.815426997245176,23.1267217630854,0.12721426714049586
Florida,2003,0.01092981284254143,0.023416610497237575,0.0006633604640883975,0.4431073011049724,3.596685082872928,6.718232044198895,33.74033149171271,22.475138121546962,0.11952927122720994
Florida,2004,0.009516472522471904,0.025964044943820236,0.0006542492191011219,0.5225517247191014,3.359550561797753,7.23876404494382,36.418539325842694,20.867977528089888,0.13967162285112367
Florida,2005,0.008644359509695299,0.02701386703601109,0.0005279383213296393,0.5660768531855955,3.2742382271468142,7.67590027700831,36.770083102493075,18.861495844875346,0.1505657545131579
Florida,2006,0.008519962405479453,0.02919147945205478,0.00039632778082191773,0.39089588767123296,2.8465753424657536,5.747945205479452,40.07671232876712,19.4,0.10725091432739728
Florida,2007,0.006136312015089165,0.028464311385459514,0.0006673482441700962,0.2854687585733883,4.3401920438957475,3.9766803840877913,37.997256515775035,14.133058984910837,0.08018418255452678
Florida,2008,0.005214251262500001,0.027827562499999986,0.0005596426328125004,0.22404787812500007,3.9546875,3.0875,36.0203125,12.6734375,0.06441233363007814
Florida,2009,0.006027942123563223,0.028474347701149438,0.0001239616063218391,0.3387985344827584,1.2614942528735633,4.735632183908046,35.33620689655172,13.583333333333334,0.09335619647844821
Florida,2010,0.005672489389972142,0.02888202506963788,0.00015113194986072432,0.39486463509749303,1.0194986072423398,5.334261838440112,35.467966573816156,13.442896935933147,0.10739257037674095
Florida,2011,0.005361869504109586,0.02813100821917808,9.946578630136995e-05,0.4345282849315067,0.7698630136986301,5.767123287671233,35.95068493150685,12.715068493150685,0.11703015711027394
Florida,2012,0.005406926177595629,0.02690189617486341,6.115489071038249e-05,0.38386635245901635,0.5737704918032787,5.2103825136612025,33.478142076502735,12.806010928961749,0.10405908242554644
Florida,2013,0.004545726870422531,0.0260271661971831,-2.5211738028169004e-05,0.2984957070422536,0.30985915492957744,4.059154929577465,34.816901408450704,11.44225352112676,0.08226084709295776
Florida,2014,0.0049794516055555555,0.026022286111111105,0.00011150281111111114,0.45852593611111153,0.7305555555555555,5.988888888888889,35.43055555555556,12.141666666666667,0.12240979415972232
Florida,2015,0.004109642247863247,0.025707592592592584,3.669347578347579e-05,0.5143764102564105,0.46438746438746437,6.467236467236467,34.08262108262108,9.618233618233619,0.13605758464316245
Florida,2016,0.0054928689560439555,0.029212923076923074,0.0003988014835164837,0.5745394945054945,0.8131868131868132,7.406593406593407,36.86813186813187,13.857142857142858,0.1524110220054945
Georgia,2010,0.016500656434782615,0.016583521739130438,0.0011592508478260868,0.3964716847826085,5.260869565217392,6.793478260869565,28.054347826086957,30.73913043478261,0.10767877845108692
Georgia,2011,0.013381185286501389,0.022986242424242433,0.0009014650826446274,0.33157815702479365,4.862258953168044,5.429752066115703,38.32506887052342,29.140495867768596,0.09221176245454553
Georgia,2012,0.01158765788705234,0.0220067961432507,0.0004499816446280992,0.33027547933884305,1.5261707988980717,5.476584022038567,35.72176308539945,25.082644628099175,0.09107997875344355
Georgia,2013,0.009439669561959648,0.019709374639769454,0.0003313421959654182,0.2974941613832853,0.7348703170028819,4.8097982708933715,32.242074927953894,20.596541786743515,0.08174363694524496
Georgia,2014,0.010429543384831465,0.020054216292134826,0.0003708036882022473,0.31320289606741614,0.6882022471910112,5.106741573033708,34.997191011235955,22.769662921348313,0.08601436485814618
Georgia,2015,0.00967300324277457,0.019226491329479754,0.00026345294797687914,0.3136160491329481,0.3554913294797688,5.130057803468208,33.47687861271676,20.933526011560694,0.08569474916329482
Georgia,2016,0.011935326111111113,0.019770380952380952,0.0002980542063492064,0.3152400158730158,0.5555555555555556,5.253968253968254,29.634920634920636,25.333333333333332,0.08681094428571427
Hawaii,2011,0.0028884780930232587,0.027060956810631188,0.0009156075681063123,0.31541769269103176,2.29734219269103,3.9119601328903655,27.13953488372093,8.787375415282392,0.08657068379069813
Hawaii,2012,0.0028889670588235195,0.024242895588235305,0.0008842389647058831,0.38390230000000486,1.1661764705882354,4.613970588235294,24.814705882352943,8.264705882352942,0.10297960040294239
Hawaii,2013,0.0031097284420849437,0.028246048262548288,0.0012930204536679545,0.41661739189189184,2.2606177606177607,5.086872586872587,29.086872586872587,9.583011583011583,0.11231654726254825
Hawaii,2014,0.003442757012987016,0.02389969480519482,0.0009988773003246755,0.3366392370129853,2.9123376623376624,4.123376623376624,27.42207792207792,8.314935064935066,0.09124514153287296
Hawaii,2015,0.003564983055716349,0.02376297395079594,0.0010755972185238793,0.3912627916063692,3.1034732272069463,4.780752532561505,26.8205499276411,8.722865412445731,0.10491658645785133
Idaho,2009,0.006337445621621622,0.03415621621621623,0.00023196498648648644,0.14868518918918916,1.1081081081081081,2.189189189189189,44.810810810810814,22.0,0.047352704003378376
Idaho,2010,0.009400810288088644,0.02642628254847646,0.0003346880720221608,0.18073513019390575,0.6925207756232687,2.89196675900277,33.83102493074792,24.019390581717452,0.05422422777562325
Idaho,2011,0.009925650260869567,0.012998608695652175,0.0007162484782608696,0.2717391304347826,1.9565217391304348,4.826086956521739,20.91304347826087,16.91304347826087,0.0738449094673913
Illinois,2000,0.02643745747727276,0.017104860795454552,0.006099495767045457,0.706236491477272,24.583806818181817,11.079545454545455,24.0625,42.15482954545455,0.18896957637926118
Illinois,2001,0.02235683982337991,0.020867899618805565,0.005501072278271919,0.5938024498094023,27.491740787801778,9.833545108005083,31.935196950444727,37.9148665819568,0.16063206538246494
Illinois,2002,0.01985394453703705,0.021769085978835975,0.004202177523809523,0.5932935132275134,21.296296296296298,9.670634920634921,35.11243386243386,34.148148148148145,0.159779680316799
Illinois,2003,0.020684056693913034,0.020922853913043472,0.005052118909565217,0.5150676173913042,26.30608695652174,8.761739130434783,31.69217391304348,34.93217391304348,0.14043166172695648
Illinois,2004,0.01881421912351944,0.020636064297800332,0.004147102079526227,0.5795745109983076,21.76818950930626,9.262267343485618,29.314720812182742,32.28087986463621,0.1557929741247884
Illinois,2005,0.017899080328621912,0.024536261484098956,0.00485952713074205,0.45866541342756223,28.146643109540637,7.796819787985866,36.957597173144876,32.74734982332156,0.1264900705927563
Illinois,2006,0.017391594790235068,0.02114359674502711,0.0027319841320072344,0.37357455696202535,14.652802893309222,6.444846292947559,30.74502712477396,31.22603978300181,0.10371043315732369
Illinois,2007,0.01450169262929748,0.023435304185351283,0.001676276607623316,0.3278674521674136,9.41405082212257,5.0926756352765326,32.67414050822123,27.376681614349774,0.09187018139742142
Illinois,2008,0.01408593526932464,0.021669790886899944,0.001593608371847029,0.2765984467046375,8.782750203417413,4.242473555736371,28.50040683482506,27.213995117982098,0.07848694530817728
Illinois,2009,0.013409543084723132,0.020632052701801233,0.0014558429859906578,0.26663304069379623,6.052034689793196,4.053368912608406,26.94196130753836,25.823882588392262,0.07553261986657782
Illinois,2010,0.013044004651129936,0.02628309463276835,0.002121935108757062,0.34858314265536744,9.165254237288135,5.5,34.951977401129945,24.521186440677965,0.0975080442620057
Illinois,2011,0.012113899931472067,0.02484632233502541,0.002497643974619287,0.34147597461928925,8.647208121827411,5.2652284263959395,33.263959390862944,23.294416243654823,0.0952334602151015
Illinois,2012,0.011954034387878789,0.027684872727272714,0.001126317866666666,0.29630255000000016,5.571212121212121,4.471212121212122,39.97575757575758,22.624242424242425,0.08426694374545458
Illinois,2013,0.010983754192796605,0.023804485169491536,0.0008925856228813551,0.2928190741525425,4.830508474576271,4.3241525423728815,34.983050847457626,21.173728813559322,0.082124974784428
Illinois,2014,0.01054753269702602,0.024025697026022315,0.0009951139219330854,0.3021041895910778,5.436802973977695,4.656133828996283,34.87918215613383,21.397769516728623,0.0844181333090148
Illinois,2015,0.008374824237774029,0.02576905733558181,0.0011985707234401356,0.30298716694772376,3.961214165261383,4.509274873524452,36.36593591905565,18.190556492411467,0.08458240481112994
Illinois,2016,0.010374431642458099,0.025014329608938544,0.0009567464636871505,0.31007915083798865,3.1452513966480447,4.435754189944134,31.201117318435752,20.837988826815643,0.08660616463826812
Indiana,2000,0.015287580371257494,0.029781718562874263,0.007299263514970036,0.8754990119760476,24.934131736526947,12.125748502994012,43.209580838323355,31.74251497005988,0.23196689360628736
Indiana,2001,0.014947843544943808,0.03215273033707866,0.00327551220786517,0.38313398876404464,18.786516853932586,5.842696629213483,50.28651685393258,30.837078651685392,0.10837751871348307
Indiana,2002,0.0163927037109375,0.03550572656250001,0.0034927056406250027,0.445247390625,20.1796875,6.609375,57.671875,33.4296875,0.12515963163476562
Indiana,2003,0.014522778646067411,0.029897033707865176,0.003374679348314605,0.44320771348314536,20.685393258426966,6.910112359550562,44.853932584269664,30.921348314606742,0.12275055129634814
Indiana,2004,0.013780555342657342,0.030380405594405586,0.0047264949930069956,0.5664627132867132,21.832167832167833,8.34965034965035,42.67132867132867,28.034965034965033,0.15383754230419577
Indiana,2005,0.01323063002717392,0.03280651630434785,0.004726219804347825,0.4229393043478259,24.983695652173914,6.766304347826087,50.28260869565217,29.58695652173913,0.11842566762092388
Indiana,2006,0.013922752137931038,0.024199563218390806,0.00994356021264367,0.6578142241379309,25.867816091954023,8.666666666666666,35.0632183908046,24.304597701149426,0.1764700249267241
Indiana,2007,0.010950615340909098,0.03188369886363635,0.003414435846590909,0.44973485227272736,15.960227272727273,6.386363636363637,46.94318181818182,23.210227272727273,0.12399590058096593
Indiana,2008,0.009288780684782613,0.02874951630434782,0.002480403141304349,0.42082826630434805,8.048913043478262,6.065217391304348,37.86413043478261,20.684782608695652,0.11533674160869571
Indiana,2009,0.010135623790960452,0.025930056497175162,0.0015592056384180787,0.2345159830508474,7.836158192090395,3.5819209039548023,34.429378531073446,20.073446327683616,0.06803521724435027
Indiana,2010,0.009392295469387751,0.029449952380952375,0.0029986348095238104,0.16493008163265302,10.013605442176871,2.9523809523809526,38.04761904761905,20.360544217687075,0.05169274107312924
Indiana,2011,0.009906356070652173,0.033770559782608685,0.001363555358695652,0.05684747826086959,12.233695652173912,1.2554347826086956,45.78260869565217,20.494565217391305,0.025471987368206526
Indiana,2012,0.009840462542483658,0.03576250980392156,0.0008451328431372545,0.40109069934640523,8.732026143790849,5.908496732026144,51.11764705882353,22.366013071895424,0.11188470113398692
Indiana,2013,0.010357095237603309,0.02849926239669421,0.002183906334710745,0.26931901033057865,13.12396694214876,4.136363636363637,37.32644628099174,19.43595041322314,0.07758981857489673
Indiana,2014,0.01133361767848101,0.027034701265822775,0.002509264587341772,0.2329289113924053,13.772151898734178,3.7088607594936707,37.51898734177215,21.040506329113924,0.06845162373101271
Indiana,2015,0.013498752174698788,0.026206162650602396,0.0012755106084337347,0.2510151295180723,7.22289156626506,4.225903614457831,37.13253012048193,23.518072289156628,0.07299888873795181
Indiana,2016,0.013857478082474232,0.02654231958762886,0.00040434398969072167,0.24599013402061853,1.3814432989690721,3.9072164948453607,35.154639175257735,23.969072164948454,0.07169856892010308
Iowa,2006,0.008230118,0.016324806451612904,0.000474706741935484,0.20478212903225812,1.3225806451612903,3.5161290322580645,19.903225806451612,15.387096774193548,0.05745294005645163
Iowa,2007,0.007358557680306903,0.028938930946291543,0.0005633586291560103,0.2541347033248085,2.084398976982097,3.7161125319693094,34.588235294117645,15.39386189258312,0.07274888764514073
Iowa,2008,0.0074544361764705995,0.027279816176470576,0.0004481026470588236,0.256120397058824,1.6323529411764706,3.676470588235294,33.20343137254902,15.769607843137255,0.072825688014706
Iowa,2009,0.006996748080200491,0.02615857142857142,0.0003350258746867167,0.2405315413533838,1.1979949874686717,3.380952380952381,32.097744360902254,15.192982456140351,0.0685054716842106
Iowa,2010,0.007491377820707067,0.028712535353535337,0.00039678417929292877,0.2513585833333336,1.0782828282828283,3.654040404040404,34.5,16.06313131313131,0.07198982017171723
Iowa,2011,0.007370355408745246,0.0280168536121673,0.0004989953973384032,0.20853635361216763,2.252851711026616,2.840304182509506,32.7851711026616,15.26425855513308,0.06110563950760464
Iowa,2012,0.0075794216510791405,0.029344552158273383,0.00043040443525179864,0.21759101798561195,1.3489208633093526,3.0431654676258995,35.20503597122302,15.803956834532373,0.06373634905755407
Iowa,2013,0.006766695505050503,0.02833460697887969,0.0004016131267217638,0.20302656749311246,1.9403122130394859,2.726354453627181,32.28833792470156,14.004591368227732,0.05963237077594111
Iowa,2014,0.0063487705364583275,0.02664081597222219,0.00042302867361111094,0.20453614583333246,1.2378472222222223,2.890625,33.7734375,13.196180555555555,0.059487190253906023
Iowa,2015,0.006067910473958332,0.02744391753472221,0.0004071127621527769,0.20965393576388752,0.8819444444444444,2.9114583333333335,34.82118055555556,13.07986111111111,0.06089321913368021
Iowa,2016,0.005994894780219781,0.030609082417582416,0.00019727761538461557,0.21193610439560512,0.2967032967032967,2.6758241758241756,37.26373626373626,12.884615384615385,0.06218433980219798
Kansas,2000,0.009703852443089425,0.02972557723577238,0.0009521257262872626,0.7566922547425466,5.651761517615176,11.089430894308943,40.173441734417345,18.80081300813008,0.19926845253692393
Kansas,2001,0.010594909158176952,0.027977982573726523,0.001003458478552279,0.3366985764075068,5.313672922252011,6.345844504021447,36.83512064343164,19.412868632707774,0.09406873165449063
Kansas,2002,0.008772643960099745,0.027315770573566062,0.0015702145012468822,0.39407412967581057,6.002493765586035,5.882793017456359,35.9214463840399,17.159600997506235,0.10793318967768081
Kansas,2003,0.009623070339901492,0.027759985221674863,0.0018106109852216723,0.3176424170771757,8.848932676518883,5.113300492610837,38.10016420361248,18.307060755336618,0.08920902090599343
Kansas,2004,0.009540076842349315,0.02433055023183923,0.00210937943122102,0.38298482843894904,9.1854714064915,6.151468315301391,29.842349304482227,18.69242658423493,0.10474120873608965
Kansas,2005,0.010949590485362091,0.02617121571648691,0.0022251686687211085,0.386229314329738,9.477657935285054,6.551617873651772,35.75808936825886,20.859784283513097,0.10639382230007703
Kansas,2006,0.011178105495107634,0.027626790606653646,0.0033029245538160434,0.3782410743639926,11.604696673189824,6.387475538160469,37.303326810176124,22.64187866927593,0.10508722375489249
Kansas,2007,0.01339360327945205,0.02323153698630135,0.0042101103479452034,0.4244584082191783,13.572602739726028,6.857534246575343,31.427397260273974,27.10958904109589,0.11632341470821922
Kansas,2008,0.01680789221037463,0.022085515850144094,0.004055625423631126,0.4043491729106628,13.342939481268012,6.334293948126801,27.755043227665706,28.654178674351584,0.11182455159870316
Kansas,2009,0.012271639795321638,0.023496339181286553,0.004662116836257305,0.2976046257309944,14.491228070175438,5.315789473684211,29.301169590643276,24.42105263157895,0.08450868038596497
Kansas,2010,0.013066675312865506,0.02159838596491227,0.005206644488304091,0.4188260818713455,14.862573099415204,6.707602339181286,27.4093567251462,25.739766081871345,0.11467444690935684
Kansas,2011,0.013100770259999986,0.021984428571428592,0.003638174174285712,0.4532960800000002,11.397142857142857,6.868571428571428,27.32,25.074285714285715,0.12300486325142862
Kansas,2012,0.012063074105571846,0.028827659824046937,0.0028252812961876827,0.5131426862170084,11.736070381231672,7.730205278592376,38.27272727272727,24.88856304985337,0.13921467536070373
Kansas,2013,0.01185971266558442,0.02520611688311688,0.0020583588084415578,0.43710233441558427,9.694805194805195,6.564935064935065,34.561688311688314,23.564935064935064,0.11905663069318179
Kansas,2014,0.011030924596590908,0.02518003977272729,0.001777025056818181,0.2655343011363638,10.9375,4.181818181818182,33.88636363636363,22.946022727272727,0.07588057264062505
Kansas,2015,0.011035437571856281,0.025352637724550906,0.0015591846676646722,0.2863915449101798,8.583832335329342,4.610778443113772,34.34730538922156,22.910179640718564,0.08108470121856293
Kansas,2016,0.011582273045454545,0.022839818181818183,0.0010975874772727271,0.25196203409090906,2.75,4.045454545454546,29.545454545454547,24.204545454545453,0.07187042819886363
Kentucky,2000,0.012660981238130012,0.028916364499634785,0.004770384133674213,0.17834415631848055,22.781592403214024,3.481373265157049,42.83053323593864,26.823228634039445,0.05617297154747989
Kentucky,2001,0.012547681509615374,0.030232937500000005,0.004072305902884618,0.1316772240384615,21.221153846153847,2.644230769230769,44.10288461538462,26.560576923076923,0.04463253723774037
Kentucky,2002,0.011074694029259887,0.03202080895008604,0.0029300794888123902,0.13028640963855428,15.06540447504303,2.719449225473322,48.908777969018935,22.624784853700515,0.04407799802667815
Kentucky,2003,0.01083007030645161,0.032915443548387095,0.0035413172903225785,0.10563956854838714,15.810483870967742,2.629032258064516,43.895161290322584,22.72983870967742,0.03823159992338711
Kentucky,2013,0.014108201243902435,0.015324060975609758,0.0015201219756097563,0.35146624390243897,7.7317073170731705,5.7317073170731705,21.682926829268293,25.28048780487805,0.09560465702439024
Kentucky,2014,0.011460217392638038,0.020485858895705523,0.0014727143312883437,0.2614925889570553,7.392638036809816,3.9877300613496933,29.662576687116566,22.32515337423313,0.0737278448941718
Kentucky,2015,0.007901013989637306,0.0236517823834197,0.0005619281606217615,0.2716255854922282,2.3523316062176165,4.227979274611399,39.994818652849744,18.585492227979273,0.07593507750647674
Louisiana,2000,0.017346074243169383,0.023755950819672127,0.0036644873715847,0.7587754262295086,20.010928961748633,11.633879781420765,38.76775956284153,33.45628415300546,0.2008854846659837
Louisiana,2001,0.01735923877222224,0.022977722222222205,0.0036944747499999993,0.8279243500000005,18.54722222222222,12.7,35.672222222222224,32.7,0.21798894643611125
Louisiana,2002,0.01799676321739128,0.021032043478260862,0.0026296481681159414,0.7174759304347832,13.918840579710144,10.942028985507246,32.26376811594203,31.344927536231886,0.18978359632463782
Louisiana,2003,0.015562502252777765,0.020968977777777783,0.0033799934166666656,0.664201577777778,15.472222222222221,9.952777777777778,32.94722222222222,29.79722222222222,0.17602826280625006
Louisiana,2004,0.015816226016438364,0.022231991780821938,0.0034658194493150662,0.5642378465753427,14.898630136986302,8.265753424657534,32.02465753424657,28.64109589041096,0.1514379709554795
Louisiana,2005,0.014399629534042556,0.02539037872340425,0.0037753849148936163,0.4724972553191489,15.923404255319149,7.127659574468085,36.146808510638294,27.951063829787234,0.12901566212287233
Louisiana,2006,0.01499175220716113,0.02296039386189259,0.0034409510895140652,0.37360382097186706,15.634271099744245,6.194373401534527,33.85677749360614,29.25319693094629,0.1037492295326087
Louisiana,2007,0.01519911691830986,0.022392932394366193,0.0025752886957746443,0.38201340563380287,13.298591549295775,5.833802816901408,33.15211267605634,27.952112676056338,0.10554518591056339
Louisiana,2008,0.013087885294117642,0.02171054061624649,0.0024172780168067224,0.28282628011204486,14.431372549019608,4.677871148459384,30.747899159663866,26.18487394957983,0.08001049600980392
Louisiana,2009,0.012875143473684198,0.022424952908587266,0.0019214925512465368,0.22295835457063756,10.32409972299169,3.3240997229916895,30.49584487534626,25.473684210526315,0.0650449858760389
Louisiana,2010,0.012698542830028324,0.025291603399433434,0.0013646060000000002,0.24746790084985845,7.787535410764873,3.971671388101983,34.92634560906516,26.28611898016997,0.07170566326983005
Louisiana,2011,0.011665706710743802,0.025233942148760343,0.001251853292011019,0.22176262809917374,6.528925619834711,3.371900826446281,35.99724517906336,24.482093663911847,0.06497853256267222
Louisiana,2012,0.01140054294366198,0.024979115492957765,0.0008349299802816901,0.2194393436619719,3.571830985915493,3.36056338028169,34.32676056338028,23.68169014084507,0.06416348301971833
Louisiana,2013,0.009644705094444452,0.02365381111111111,0.000641808372222222,0.20463813333333356,2.977777777777778,3.022222222222222,33.53611111111111,19.869444444444444,0.05964461447777783
Louisiana,2014,0.01048086921148036,0.02333415709969787,0.0012594800785498492,0.26523949244713,4.936555891238671,3.906344410876133,34.62537764350453,21.867069486404834,0.07507849970921453
Louisiana,2015,0.009380472674931124,0.02353977685950413,0.0010836928595041328,0.2224250771349865,3.0606060606060606,3.2451790633608817,33.972451790633606,18.56198347107438,0.06410725488223147
Louisiana,2016,0.012911401631578938,0.026846491228070177,0.0011229644736842099,0.23494315789473655,2.9649122807017543,3.2982456140350878,34.36842105263158,24.99122807017544,0.06895600380701747
Maine,2006,0.0023369101724137913,0.02627869655172413,0.0008309399206896563,0.17906238620689677,2.6,2.1344827586206896,28.00344827586207,5.7827586206896555,0.052127233212931084
Maine,2007,0.0028001102273972605,0.026452495890410942,0.0007868269041095892,0.1733734986301372,3.2164383561643834,2.1013698630136988,28.293150684931508,6.438356164383562,0.050853232913013746
Maine,2008,0.005859293306451611,0.023858372759856646,0.0012248241129032248,0.16359313799283168,4.747311827956989,2.4068100358422937,27.10931899641577,11.770609318996415,0.04863390704301079
Maine,2009,0.006680511959276019,0.023028466063348442,0.001838705585218704,0.2059198190045253,5.95475113122172,3.018099547511312,26.019607843137255,13.512820512820513,0.059366875653092115
Maine,2010,0.006162846092006036,0.02620395927601808,0.0009522129562594258,0.2538253288084466,3.79788838612368,3.5625942684766216,28.66214177978884,12.85972850678733,0.07178608678318253
Maine,2011,0.005594337942896936,0.02451635654596101,0.0008254824693593305,0.23291655013927587,2.9623955431754876,3.267409470752089,27.32590529247911,11.701949860724234,0.06596318177437328
Maine,2012,0.006060147150208632,0.024599691237830325,0.0007708741919332404,0.28714459388039004,2.4756606397774688,3.944367176634214,27.543810848400557,12.26981919332406,0.07964382661509056
Maine,2013,0.003910529319838054,0.027154580971659913,0.0008496654048582997,0.22169849190283422,1.6072874493927125,2.8927125506072873,28.402834008097166,8.838056680161943,0.06340331689979763
Maine,2014,0.003583531711974111,0.024984126213592237,0.0005410900954692559,0.2129048365695797,0.9789644012944984,2.70873786407767,29.42556634304207,8.161812297734627,0.06050339614765383
Maine,2015,0.005033321642962969,0.024419921481481494,0.0008684475777777777,0.2462495318518519,1.5896296296296297,3.354074074074074,28.994074074074074,13.875555555555556,0.06914280563851853
Maine,2016,0.006556909069930073,0.02819673426573429,0.0003453962937062936,0.30069909090909075,1.5874125874125875,4.13986013986014,33.11888111888112,18.04895104895105,0.08394953263461535
Maryland,2006,0.011530203601226996,0.03315900613496935,0.003940766907975459,0.36085148466257677,19.233128834355828,5.9447852760736195,49.25766871165644,25.496932515337424,0.10237036532668714
Maryland,2007,0.012686387370481939,0.024690582831325317,0.0032186956972891584,0.37880056927710776,17.27409638554217,5.697289156626506,37.42319277108434,24.941265060240966,0.10484905879405104
Maryland,2008,0.012607999467391308,0.023648802173913037,0.0028220292847826074,0.3844211369565213,14.1,6.106521739130435,33.37826086956522,25.15,0.10587499197065206
Maryland,2009,0.011537441529780566,0.02459554545454545,0.002524482326018807,0.4662792570532914,12.595611285266457,7.2507836990595615,32.86520376175549,23.567398119122256,0.12623418159090904
Maryland,2010,0.013082870791304334,0.028361472463768096,0.002166405371014492,0.39331343478260866,7.234782608695652,6.257971014492754,39.2927536231884,26.27246376811594,0.1092310458521739
Maryland,2011,0.012948896150159749,0.026296115015974446,0.0020049736581469664,0.30240344089456883,7.26517571884984,5.220447284345048,36.322683706070286,25.610223642172524,0.0859133564297125
Maryland,2012,0.010183034609011628,0.02561392151162792,0.0011481492819767458,0.2440419258720927,3.7863372093023258,3.8561046511627906,36.76889534883721,20.399709302325583,0.07024675781867724
Maryland,2013,0.009740398957664242,0.025451766423357666,0.0009707553459854008,0.22570037664233555,3.1751824817518246,3.4642335766423358,34.36934306569343,19.040875912408758,0.06546582434233572
Maryland,2014,0.006951498444108749,0.02802680664652569,0.0010820596747230613,0.1973502437059408,3.688821752265861,2.8751258811681772,37.367573011077546,13.72809667673716,0.058352652117824574
Maryland,2015,0.007421759729292921,0.028051430303030315,0.0009016087020202019,0.2150276737373734,2.7595959595959596,3.2111111111111112,38.88484848484848,14.291919191919192,0.0628506181179292
Maryland,2016,0.009200685738805971,0.027408578358208965,0.0007459546791044777,0.25065925373134385,1.9888059701492538,3.7388059701492535,33.52238805970149,17.64179104477612,0.07200361812686581
Massachusetts,2001,0.024048433761538448,0.019194230769230766,0.005924173426923075,0.3000868423076921,16.153846153846153,6.3961538461538465,27.596153846153847,35.215384615384615,0.0873134200663461
Massachusetts,2002,0.022544425089211624,0.022287304979253107,0.004584319717842325,0.40121146058091245,16.497925311203318,10.58298755186722,28.307053941908713,38.697095435684645,0.11265687759180487
Massachusetts,2003,0.022496309909589052,0.019212315068493146,0.006010301808219178,0.620916808219178,16.60821917808219,9.501369863013698,25.635616438356163,32.83835616438356,0.16715893375136986
Massachusetts,2004,0.016820704006349215,0.020858250793650807,0.003652434136507935,0.19710807301587302,12.320634920634921,4.092063492063492,25.87936507936508,25.39047619047619,0.05960986548809524
Massachusetts,2005,0.018649079613180523,0.020080340974212026,0.0019744043638968475,0.2729017306590259,8.939828080229226,4.8538681948424065,26.512893982808023,29.103151862464184,0.07840138890257882
Massachusetts,2006,0.01867690043611113,0.017630241666666678,0.0024164893888888885,0.4578121777777779,8.05,7.055555555555555,23.155555555555555,29.84722222222222,0.12413395231736114
Massachusetts,2007,0.019697182419889513,0.0185173314917127,0.0031758756077348064,0.36375329005524865,9.787292817679559,5.759668508287293,24.058011049723756,30.88950276243094,0.10128591989364642
Massachusetts,2008,0.019678690358904124,0.0205133616438356,0.00235093041369863,0.17375957808219172,7.263013698630137,3.0,25.26027397260274,30.827397260273973,0.05407564012465752
Massachusetts,2009,0.01804838470914126,0.02112741551246537,0.0021474654432132936,0.28653518559556823,6.43213296398892,4.678670360110804,24.97229916897507,28.562326869806093,0.08196461281509704
Massachusetts,2010,0.017071956618784526,0.02218419337016575,0.001601100022099447,0.28047954696132626,4.9088397790055245,4.400552486187845,25.983425414364643,28.53038674033149,0.080334199243094
Massachusetts,2011,0.018529944335164843,0.020850771978021973,0.0012634486071428576,0.2884578049450554,4.53021978021978,4.508241758241758,24.85989010989011,29.6510989010989,0.08227549246634627
Massachusetts,2012,0.01580814152089136,0.020715818941504184,0.001120633261838441,0.27748388022284115,2.8412256267409473,4.22841225626741,24.983286908077993,25.997214484679667,0.07878211848676879
Massachusetts,2013,0.01747634543220338,0.021579115819209033,0.001089475525423728,0.2738551355932205,2.5112994350282487,4.194915254237288,25.33050847457627,28.124293785310734,0.07850001809251417
Massachusetts,2014,0.015571230801242236,0.021383965838509315,0.0010447134285714288,0.27665605590062126,2.313664596273292,4.130434782608695,27.055900621118013,26.167701863354036,0.07866399149223606
Massachusetts,2015,0.014398738250773995,0.022485863777089797,0.0007338462012383909,0.27296878328173396,1.1919504643962848,4.108359133126935,28.622291021671828,24.54798761609907,0.07764680787770903
Massachusetts,2016,0.0158292733956044,0.023563384615384608,0.0006916385934065935,0.2703682197802198,1.021978021978022,4.010989010989011,28.164835164835164,26.604395604395606,0.07761312909615385
Michigan,2000,0.02268206501111111,0.023366822222222226,0.005420798816666663,0.2806807944444445,30.666666666666668,6.788888888888889,34.49444444444445,39.394444444444446,0.08303762012361113
Michigan,2001,0.022779874748299303,0.028067523809523827,0.0054207005646258475,0.39756936054421765,30.897959183673468,8.136054421768707,46.564625850340136,41.585034013605444,0.11345936491666665
Michigan,2002,0.018171084436260608,0.02853956657223796,0.0034270465297450417,0.36845750141643063,18.45042492917847,6.7025495750708215,45.3371104815864,35.40793201133145,0.10464879973866856
Michigan,2003,0.017560764142029006,0.02721393333333332,0.0030187119217391306,0.4007246434782609,17.434782608695652,7.165217391304348,39.60289855072464,32.57971014492754,0.1121295132188406
Michigan,2004,0.014568412212827987,0.02590978717201168,0.002404298239067056,0.3566714635568512,14.629737609329446,6.355685131195335,34.524781341107875,27.895043731778426,0.09988849029518948
Michigan,2005,0.015670814585889575,0.029731098159509195,0.0027153034877300604,0.3271517147239263,14.349693251533742,5.874233128834356,44.32515337423313,30.346625766871167,0.09381723273926378
Michigan,2006,0.012525178275568177,0.027173420454545447,0.0019184612272727267,0.3170493693181818,12.747159090909092,5.369318181818182,36.63636363636363,24.951704545454547,0.08966660731889203
Michigan,2007,0.008125,0.021,0.002333333,0.229167,9.0,3.0,18.0,13.0,0.06515633325
Minnesota,2011,0.007479718358885019,0.027662439024390254,0.0008907596968641119,0.21037669686411162,2.097560975609756,3.1498257839721253,32.721254355400696,18.121951219512194,0.06160240348606275
Minnesota,2012,0.00670010821818182,0.03485720000000001,0.00041438181818181816,0.17082250909090904,0.7636363636363637,2.327272727272727,45.345454545454544,16.854545454545455,0.05319854978181818
Minnesota,2014,0.00629207650970874,0.02512488834951458,0.0004263535145631068,0.2519984466019414,0.6116504854368932,3.383495145631068,33.46601941747573,14.145631067961165,0.07096044124393194
Minnesota,2015,0.006644940377906978,0.02611215988372095,0.0007202936424418603,0.2835010872093023,0.7616279069767442,3.921511627906977,33.473837209302324,14.880813953488373,0.07924462027834302
Missouri,2000,0.01687274991105954,0.0277608035576179,0.004167004411446245,0.524457889404486,20.73317865429234,8.314771848414539,42.319412219644235,31.54447022428461,0.14331461182115243
Missouri,2001,0.017213364627539505,0.029485216704288938,0.004294333383747179,0.497951356659142,23.124153498871333,8.48081264108352,44.70880361173815,33.25056433408578,0.1372360678436794
Missouri,2002,0.017385127199530524,0.028731589201877974,0.004127096577464791,0.5869294460093897,20.901408450704224,9.204225352112676,49.30046948356807,33.274647887323944,0.15929331474706573
Missouri,2003,0.0165294592074592,0.02880860372960373,0.0036263574149184123,0.5697836200466202,17.82051282051282,9.233100233100233,45.41958041958042,31.104895104895103,0.15468701009965038
Missouri,2004,0.013870773632558136,0.025585274418604663,0.0034364383906976756,0.5527302395348834,20.31860465116279,8.406976744186046,36.63953488372093,27.413953488372094,0.14890568149418598
Missouri,2005,0.012615151787878788,0.032609044289044285,0.0031883556783216796,0.4850783146853144,19.02097902097902,7.1678321678321675,51.57109557109557,25.93006993006993,0.1333727166101398
Missouri,2006,0.013149854323943664,0.028702967136150247,0.003311647657276992,0.41821857746478874,21.55399061032864,6.779342723004695,40.85446009389671,34.840375586854464,0.11584576164553992
Missouri,2007,0.012826106706161142,0.0315637772511848,0.0034468500189573457,0.41674004265402825,19.981042654028435,6.8246445497630335,48.37440758293839,27.938388625592417,0.11614419415758288
Missouri,2008,0.012108717339534883,0.028429948837209288,0.0028180250279069737,0.36104537209302306,17.530232558139534,6.223255813953489,38.85116279069767,25.21395348837209,0.10110051582441855
Missouri,2013,0.012019273761627909,0.024121720930232557,0.002461507517441861,0.258768011627907,11.988372093023257,3.854651162790698,32.0406976744186,21.848837209302324,0.07434262845930234
Missouri,2014,0.011834839902506963,0.02508600278551531,0.002137319426183842,0.25474523119777187,10.54317548746518,3.7409470752089136,35.28412256267409,23.259052924791085,0.07345084832799449
Missouri,2015,0.013109978697841739,0.02068346043165468,0.0014016762122302155,0.2688203093525182,5.607913669064748,4.071942446043166,27.402877697841728,22.53956834532374,0.07600385617356122
Missouri,2016,0.012485846530612245,0.02304571428571429,0.001131471918367347,0.32427069387755103,2.693877551020408,4.755102040816326,27.816326530612244,25.040816326530614,0.09023343165306123
Nevada,2001,0.005876263130434782,0.030838217391304337,0.00029174540217391303,0.06956517391304348,3.6739130434782608,1.576086956521739,31.543478260869566,16.58695652173913,0.02664284995923913
Nevada,2002,0.0029950511350574716,0.04121669252873564,6.24198275862069e-05,0.04683404022988508,1.1522988505747127,1.1005747126436782,44.67528735632184,12.764367816091953,0.0227770509303161
Nevada,2003,0.0023455944277108428,0.04138600602409636,1.4056222891566265e-05,0.0028363433734939756,0.3674698795180723,0.09036144578313253,43.7710843373494,9.114457831325302,0.011645500012048187
Nevada,2010,0.0223421667,0.0182294,0.00042712100000000003,0.2979165,1.3,6.3,23.7,34.4,0.08472879692499999
Nevada,2011,0.01666588023561644,0.026886372602739714,0.0005171260109589039,0.2968340301369868,1.1835616438356165,4.791780821917809,33.12328767123287,29.931506849315067,0.08522585224657546
Nevada,2012,0.01414734752222223,0.031572188888888894,0.00039006624722222235,0.2574514222222225,0.8944444444444445,4.197222222222222,39.141666666666666,28.055555555555557,0.07589025622013897
Nevada,2013,0.016235530771014493,0.0281168463768116,0.0005156189536231884,0.3057859652173913,1.2028985507246377,4.889855072463768,39.86376811594203,28.597101449275364,0.08766349032971016
Nevada,2014,0.013541735445086715,0.031490459537572235,0.00038768751445086684,0.27523319075144526,0.9393063583815029,4.520231213872832,44.76300578034682,26.184971098265898,0.08016326831213877
Nevada,2015,0.013325411584664534,0.03144636102236423,0.0004053760862619808,0.2694228402555914,0.8498402555910544,4.274760383386582,45.38658146964856,25.223642172523963,0.07864999723722053
Nevada,2016,0.017420815153846164,0.02264116666666667,0.00039213342307692296,0.3229146666666667,1.5128205128205128,5.256410256410256,32.782051282051285,30.153846153846153,0.09084219547756411
New Hampshire,2002,0.00998933605978261,0.030568168478260875,0.0011286126249999994,0.28178701630434794,8.402173913043478,4.907608695652174,41.108695652173914,20.60326086956522,0.08086828336684786
New Hampshire,2003,0.00936833237356321,0.028951310344827577,0.0013311228678160904,0.3390703850574711,9.293103448275861,5.350574712643678,37.14367816091954,18.511494252873565,0.0946802876609195
New Hampshire,2004,0.009768453239130438,0.026898423913043482,0.002365539831521737,0.25786579891304334,10.402173913043478,4.081521739130435,34.96195652173913,19.059782608695652,0.07422455397418475
New Hampshire,2005,0.009146547134328355,0.02630129353233832,0.003013994582089552,0.45978972139303464,12.592039800995025,6.885572139303482,34.38805970149254,18.35323383084577,0.12456288916044772
New Hampshire,2006,0.00733327681142857,0.02856949142857142,0.0015264942057142854,0.3513913542857143,9.622857142857143,5.645714285714286,35.08571428571429,14.794285714285714,0.09720515418285713
New Hampshire,2007,0.007621771135869565,0.028604163043478285,0.001247466641304348,0.46086600000000016,10.277173913043478,6.304347826086956,36.69021739130435,15.777173913043478,0.12458485020516309
New Hampshire,2008,0.007219969087912087,0.02777860439560439,0.0013387009835164837,0.5081300054945055,8.126373626373626,6.763736263736264,33.57692307692308,14.73076923076923,0.1361168199903846
New Hampshire,2009,0.008226784509363297,0.022270880149812745,0.0014796040711610487,0.37292635205992514,8.408239700374532,5.812734082397004,27.213483146067414,15.655430711610487,0.10122590519756555
New Hampshire,2010,0.007668570667910444,0.029611966417910432,0.000977155791044776,0.44356711567164153,8.64179104477612,6.507462686567164,33.97014925373134,14.925373134328359,0.1204562021371268
New Hampshire,2014,0.004442317022988508,0.025634517241379304,0.0009292347816091955,0.19318554022988488,1.1494252873563218,2.3333333333333335,29.298850574712645,8.344827586206897,0.05604790231896547
New Hampshire,2015,0.0033202604301675997,0.02995135474860337,0.0008441866284916202,0.18510772905027978,0.9720670391061452,2.2039106145251397,36.13128491620112,6.377094972067039,0.05480588271438559
New Hampshire,2016,0.0042942459491525425,0.03165096610169492,0.0008346771186440676,0.21221381355932195,1.2372881355932204,2.5254237288135593,34.11864406779661,8.305084745762711,0.06224842568220337
New Jersey,2000,0.020527508513966487,0.02026276815642458,0.0062940390782122895,0.5864525418994417,21.122905027932962,10.005586592178771,31.18435754189944,34.65642458100559,0.15838421441201128
New Jersey,2001,0.02311823008874461,0.02237570995670997,0.005767514166666661,0.6187833008658011,21.13203463203463,10.242424242424242,36.72077922077922,38.04761904761905,0.1675111887694806
New Jersey,2002,0.024074683953555862,0.023180811320754714,0.005447029029027572,0.5854570783744553,19.680696661828737,9.226415094339623,37.944847605224965,38.46008708272859,0.15953990066944834
New Jersey,2003,0.023698987366412225,0.021160725190839693,0.006702616987277349,0.650913933842239,24.017811704834607,9.582697201017812,31.34351145038168,36.83969465648855,0.17561906584669207
New Jersey,2004,0.019228587991404016,0.02196575931232093,0.005624621083094554,0.5204035386819487,17.146131805157594,8.1432664756447,32.48997134670487,32.04584527220631,0.14180562676719205
New Jersey,2005,0.019873522436532506,0.023937294117647064,0.0049465848482972115,0.46873946130030936,16.857585139318886,7.281733746130031,36.44582043343653,32.54798761609907,0.12937421567569654
New Jersey,2006,0.01747592888857938,0.02446434261838441,0.003920988590529248,0.3789418607242339,15.356545961002785,6.116991643454039,35.12256267409471,29.270194986072422,0.10620078020543174
New Jersey,2007,0.018007826469101117,0.02420299719101125,0.0036751833792134864,0.28814937359550563,13.997191011235955,4.865168539325842,35.71067415730337,30.60112359550562,0.08350884515870786
New Jersey,2008,0.015715290458955214,0.026259660447761186,0.003288780682835821,0.23879832462686568,12.335820895522389,3.705223880597015,37.615671641791046,29.865671641791046,0.07101551405410447
New Jersey,2011,0.021035292152298844,0.022285982758620693,0.0019754333505747138,0.3584214597701149,7.025862068965517,6.227011494252873,31.166666666666668,36.548850574712645,0.10092954200790229
New Jersey,2012,0.015609114326158944,0.025578552980132462,0.0011950152715231807,0.28421312913907276,3.912251655629139,4.610927152317881,35.89403973509934,27.485099337748345,0.08164895292922184
New Jersey,2013,0.015236753000000014,0.024276122052704574,0.0005511910097087374,0.278664529819695,2.1650485436893203,4.26490984743412,30.123439667128988,26.932038834951456,0.07968214897052707
New Jersey,2014,0.016081269179665753,0.023692694986072436,0.0006017025083565454,0.2794240696378826,2.2729805013927575,4.383008356545961,32.700557103064064,29.02367688022284,0.07994993407799433
New Jersey,2015,0.015023080195918354,0.02457038775510206,0.00030123700000000015,0.2851207782312926,1.1156462585034013,4.484353741496599,36.03673469387755,27.287074829931974,0.08125387079557826
New Mexico,2011,0.013397210440677968,0.032708248587570585,0.00041758405932203397,0.20667062711864426,0.8220338983050848,3.5282485875706215,39.943502824858754,26.47457627118644,0.06329841755155372
New Mexico,2012,0.013742087632311968,0.0319654679665738,0.0006620808077994426,0.18521286629526482,1.3426183844011141,3.4066852367688023,39.760445682451255,27.114206128133706,0.057895625675487505
New Mexico,2013,0.011774788337988833,0.033043569832402205,0.0008035708016759776,0.21377225139664793,1.1396648044692737,3.368715083798883,44.902234636871505,23.022346368715084,0.06484854509217874
New Mexico,2014,0.011576797132231404,0.030939074380165292,0.0005546323498622594,0.22067040495867773,1.534435261707989,3.465564738292011,41.484848484848484,23.05785123966942,0.06593522720523418
New Mexico,2015,0.011182752519886372,0.029849920454545473,0.0007007314801136367,0.22973725568181821,1.0454545454545454,3.633522727272727,40.51988636363637,22.661931818181817,0.06786766503409092
New York,2000,0.023152018999999992,0.021247767515923548,0.007197874574309973,0.4646475828025477,21.138004246284503,8.386411889596603,30.809978768577494,36.51486199575371,0.12906131097319531
New York,2001,0.025036539767793613,0.020928449288256244,0.007818466459074719,0.49620935676156586,22.469750889679716,8.376334519572953,30.918149466192173,38.94661921708185,0.1374982030691726
New York,2002,0.0239698318362235,0.02201165414258189,0.006852474809248559,0.44348581117533714,20.665703275529864,7.48747591522158,34.4980732177264,38.22350674373796,0.12407994299084778
New York,2003,0.022887600456104957,0.021149246215943475,0.007459370619576195,0.5318723107971758,22.108980827447024,8.455095862764884,30.027245206861757,35.73965691220989,0.14584213202220012
New York,2004,0.0208851960848126,0.02111475345167655,0.007012407681459576,0.4381699625246556,21.8629191321499,6.832347140039448,29.054240631163708,33.243589743589745,0.12179557993565109
New York,2005,0.021330375225269326,0.02262368658178259,0.007361249253672864,0.40164240940254703,22.778648383937316,6.218413320274241,32.31635651322233,34.25171400587659,0.11323943011581795
New York,2006,0.019236236988085808,0.023703423351866558,0.004716221202541694,0.3213891072279592,16.294678316123907,5.162827640984909,32.34233518665608,31.840349483717237,0.09226124719261332
New York,2007,0.018541223912418314,0.02301991764705881,0.004982461643137262,0.3682209267973874,14.676470588235293,5.492156862745098,31.629411764705882,31.312418300653594,0.10369113250000045
New York,2008,0.01670422254999999,0.024348337499999987,0.004561814965277784,0.3167973763888906,13.827777777777778,4.936111111111111,32.34930555555555,28.896527777777777,0.09060293785104209
New York,2009,0.012976843763190169,0.0252027349693251,0.003362660903680989,0.24147653742331557,9.503680981595092,3.583435582822086,30.33312883435583,22.937423312883435,0.07075469426487796
New York,2010,0.01298050633359875,0.028120914012738904,0.003052101058121025,0.30495199124204037,8.418789808917197,4.461783439490445,35.232484076433124,23.191082802547772,0.08727637816162476
New York,2011,0.013096590103200004,0.02591315680000003,0.0025023290407999985,0.27783809039999985,8.1224,4.1064,30.3232,21.9496,0.07983754158599997
New York,2012,0.018094765563611462,0.02457397674418607,0.002536658103967169,0.3451694199726389,8.157318741450068,5.203830369357045,32.05608755129959,30.44733242134063,0.0975937050961009
New York,2013,0.017919658737864077,0.024628091539528423,0.0018250993661581155,0.3066892829403596,5.169209431345354,4.633841886269071,31.918169209431344,30.091539528432733,0.08776553314597754
New York,2014,0.016920592256302512,0.02405309523809523,0.001451086257703082,0.27651253921568547,3.775910364145658,4.352941176470588,32.252100840336134,28.77310924369748,0.07973432824194657
New York,2015,0.017165993538674037,0.023756726519337017,0.0010211034751381202,0.2630168715469611,2.501381215469613,4.273480662983426,33.83701657458563,29.803867403314918,0.07624017377002756
New York,2016,0.017847472824267793,0.023971518828451884,0.0010675151673640167,0.29504218828451934,2.6861924686192467,4.334728033472803,29.606694560669457,30.90794979079498,0.08448217377615076
North Carolina,2000,0.015173354588397773,0.03465238950276241,0.0036906562182320436,0.619121671270718,18.284530386740332,9.640883977900552,60.33425414364641,31.740331491712706,0.16815951789502756
North Carolina,2001,0.013853614300940436,0.03374668025078368,0.003294095664576804,0.540545909090909,17.74921630094044,7.8119122257053295,57.25705329153605,29.32601880877743,0.1478600748268025
North Carolina,2002,0.012265520980176213,0.037135281938326,0.0027593240770925147,0.43474683480176174,18.39647577092511,6.720264317180617,66.26431718061674,27.202643171806166,0.12172674044933912
North Carolina,2003,0.011955263360544208,0.03072186848072564,0.002907299986394554,0.48694040362811797,17.35374149659864,7.478458049886621,49.94331065759637,24.764172335600907,0.13313120886394558
North Carolina,2004,0.010630065490430623,0.030785011961722453,0.002383797124401912,0.430942588516747,17.78708133971292,6.54066985645933,49.411483253588514,23.461722488038276,0.1186853657733255
North Carolina,2005,0.01243363245116279,0.03203882790697675,0.0021721669999999996,0.5193281767441864,17.865116279069767,7.925581395348837,55.11162790697674,27.195348837209302,0.1414932010255815
North Carolina,2006,0.012285188430555549,0.03240122222222224,0.0026880767592592585,0.40472144444444436,18.49537037037037,6.537037037037037,54.0,26.72222222222222,0.11302398296412035
North Carolina,2007,0.013916445365013777,0.029454453168044143,0.0029591417424242377,0.37641415840220416,18.11707988980716,6.356749311294766,46.95730027548209,28.768595041322314,0.10568604966942158
North Carolina,2008,0.011208203371900824,0.028049355371900814,0.002089669760330579,0.3231171542699724,13.451790633608816,5.238292011019284,40.7465564738292,23.34435261707989,0.09111609569352615
North Carolina,2009,0.009851958402857143,0.025921465714285753,0.0008160581171428546,0.29441544571428535,4.011428571428572,4.972857142857142,34.934285714285714,21.048571428571428,0.08275123198714278
North Carolina,2010,0.011689251356741563,0.028404657303370776,0.0009200436376404505,0.32940989606741605,3.758426966292135,5.436797752808989,41.09550561797753,23.963483146067414,0.09260596209129221
North Carolina,2011,0.009995173922644178,0.02928011251758086,0.0005839653684950789,0.3396209353023915,2.2644163150492265,5.337552742616034,42.09845288326301,20.946554149085795,0.09487004677777791
North Carolina,2012,0.008671511397727262,0.028014240259740326,0.0002434193685064934,0.2806251623376621,0.7987012987012987,4.376623376623376,39.496753246753244,18.521103896103895,0.07938858334090905
North Carolina,2013,0.008482232184659075,0.025435673295454587,0.0002653989914772727,0.2887515965909088,0.7102272727272727,4.505681818181818,36.79545454545455,17.755681818181817,0.08073372526562494
North Carolina,2014,0.007755800159851291,0.026802462205700147,0.00034203616480793075,0.2708962862453527,0.8934324659231723,4.242874845105328,37.427509293680295,16.700123915737297,0.07644914619392802
North Carolina,2015,0.0069457013025568245,0.02678544886363636,0.000281025215909091,0.25966110795454517,0.6605113636363636,4.1164772727272725,38.61221590909091,15.237215909090908,0.07341832083416186
North Carolina,2016,0.007471213838297869,0.029335038297872335,0.00024552729787234034,0.24881232340425566,0.5234042553191489,3.804255319148936,37.702127659574465,17.046808510638296,0.07146602570957455
North Dakota,2008,0.00534773616909621,0.024832457725947523,0.00020149639358600578,0.17342246355685143,0.42565597667638483,2.1778425655976674,28.807580174927114,13.9533527696793,0.05095103846137029
North Dakota,2009,0.004921614116343489,0.02520029916897506,0.00027662414127423775,0.16611927146814431,0.6703601108033241,2.063711911357341,28.518005540166204,12.939058171745152,0.049129452223684277
North Dakota,2010,0.005418301605479455,0.026455032876712345,0.00029220675890410957,0.17196172602739754,0.6520547945205479,2.136986301369863,30.095890410958905,13.586301369863014,0.05103181681712336
North Dakota,2011,0.004477427017441859,0.025588098837209285,0.0002877105145348834,0.16649958139534907,0.5319767441860465,1.9796511627906976,28.607558139534884,12.799418604651162,0.04921320444113377
North Dakota,2012,0.0045819832472527465,0.025031936813186804,0.00023535502747252734,0.17614048351648384,0.36538461538461536,2.107142857142857,29.928571428571427,12.45054945054945,0.05149743965109898
North Dakota,2013,0.004762328991999997,0.029309844000000026,0.00022652364800000008,0.1561864160000002,0.364,1.848,31.248,13.008,0.04762127816000005
North Dakota,2014,0.00447711034090909,0.027098136363636352,0.0001645514675324675,0.16172452597402623,0.19155844155844157,1.9285714285714286,32.964285714285715,10.967532467532468,0.04836608103652604
North Dakota,2015,0.004299024267477203,0.024690896656534962,0.0001295182006079028,0.17396784194528894,0.1094224924012158,2.082066869300912,30.559270516717326,9.884498480243161,0.05077182026747725
North Dakota,2016,0.0046710099230769225,0.0258676923076923,0.0002563396593406594,0.1929021758241756,0.08791208791208792,2.1538461538461537,29.417582417582416,11.0,0.05592430442857137
Ohio,2009,0.004509151140718566,0.02809769161676648,0.002740670802395211,0.337697625748503,14.050898203592814,4.2395209580838324,34.23053892215569,10.326347305389222,0.09326128482709581
Ohio,2010,0.0050790824371584695,0.03808820765027323,0.0014887388306010925,0.32358318579234996,9.688524590163935,4.185792349726776,44.868852459016395,13.256830601092895,0.09205980367759568
Ohio,2011,0.014715314159390884,0.024955639593908598,0.004588510406091373,0.285363731979695,22.661928934010152,4.412182741116752,31.523857868020304,25.383756345177666,0.08240579903477147
Ohio,2012,0.013829280486876653,0.023369489501312384,0.003067899332020997,0.2781697769028869,18.77296587926509,4.1587926509186355,29.95800524934383,24.38057742782152,0.07960911155577424
Ohio,2013,0.012638240598859329,0.023429307034220533,0.0023072123973384012,0.2440969372623568,12.952471482889734,3.5256653992395437,29.133079847908746,22.919201520912548,0.07061792432319376
Ohio,2014,0.012015437849492147,0.02370107940904891,0.0022677167488457956,0.24891264727608417,13.842105263157896,3.7571560480147737,32.147737765466296,22.24746075715605,0.07172422032086775
Ohio,2015,0.012481228720000022,0.02393494974358977,0.0022092844523076915,0.27057807076923057,13.31076923076923,4.132307692307692,32.4174358974359,23.625641025641027,0.07730088342128201
Ohio,2016,0.009760795330555556,0.025508180555555576,0.001679377569444447,0.27875854722222265,9.602777777777778,4.138888888888889,31.280555555555555,20.5,0.07892672516944456
Oklahoma,2000,0.004761760462686565,0.03735047014925373,0.0008500577126865668,0.04720959701492535,8.317164179104477,1.2798507462686568,49.73134328358209,13.432835820895523,0.022542971334888053
Oklahoma,2001,0.008275887763955339,0.0343171403508772,0.001012507928229665,0.03294754704944182,5.623604465709729,0.9346092503987241,47.31897926634769,17.556618819776716,0.019138270773126007
Oklahoma,2002,0.006610908234782607,0.031231484782608704,0.0010259808021739123,0.06012923260869566,8.108695652173912,1.565217391304348,39.858695652173914,14.626086956521739,0.024749401607065222
Oklahoma,2003,0.006299661000000002,0.03545998817966903,0.001055759791962174,0.04265129078014185,7.971631205673759,0.9692671394799054,45.12056737588652,13.529550827423169,0.021366674937943263
Oklahoma,2004,0.00537940158712716,0.032530485086342265,0.0009249996734693868,0.0147202967032967,7.381475667189953,0.478806907378336,41.24803767660911,12.219780219780219,0.013388795762558877
Oklahoma,2005,0.008132336603406324,0.033953148418491466,0.00042342224330900176,0.015903944038929446,2.8661800486618003,0.5547445255474452,45.763990267639905,18.150851581508515,0.01460321282603406
Oklahoma,2006,0.007873302865900381,0.030522582375478904,0.0019101386436781611,0.11169896168582374,5.015325670498084,2.5440613026819925,40.04214559386973,17.32950191570881,0.038001246392720296
Oklahoma,2007,0.007783810376811598,0.026185076086956534,0.0006634033550724633,0.2075010217391305,3.652173913043478,4.0,35.71557971014493,17.168478260869566,0.06053332788949277
Oklahoma,2008,0.006218756581661887,0.026595504297994305,0.0005979698538681949,0.15329785100286525,2.871060171919771,2.530085959885387,33.713467048710605,13.257879656160458,0.04667752043409741
Oklahoma,2009,0.006455034567164178,0.028390012793176985,0.0006696676119402989,0.21969123880597044,3.1471215351812365,3.588486140724947,34.801705756929636,13.191897654584222,0.06380148844456297
Oklahoma,2010,0.0064354662104247,0.02925946332046331,0.0008067530463320456,0.2184296370656371,2.891891891891892,3.6332046332046333,35.608108108108105,13.073359073359073,0.06373282991071429
Oklahoma,2011,0.006743543981755994,0.03581864994298746,0.0008525190627137972,0.22907427480045534,2.846066134549601,3.482326111744584,45.620296465222346,13.843785632839225,0.06812224694697815
Oklahoma,2012,0.006469524691228065,0.032616152046783684,0.00046384321871345086,0.17001583274853801,1.7415204678362572,2.8514619883040937,42.292397660818715,14.780116959064328,0.052391338176315805
Oklahoma,2013,0.006744320405817179,0.030170722991689738,0.0003538094542936286,0.17259558171745146,1.254847645429363,2.9168975069252077,41.300554016620495,15.21606648199446,0.052466108642313
Oklahoma,2014,0.0060227435988023945,0.029898890718562887,0.0001751189116766467,0.15750388023952092,0.7544910179640718,2.6002994011976046,39.09880239520958,14.137724550898204,0.04840015836714071
Oklahoma,2015,0.007805979408988766,0.026096294382022458,0.0007056499999999999,0.24056704494382047,1.4404494382022472,4.062921348314607,37.184269662921345,17.575280898876404,0.06879374218370793
Oklahoma,2016,0.008125384904109587,0.02568779452054795,0.0015044531095890412,0.27775593150684924,2.5342465753424657,5.068493150684931,35.78082191780822,18.931506849315067,0.07826839101027395
Oregon,2007,0.01142532046320347,0.01761210822510822,0.0011677132813852813,0.3323618831168831,2.277056277056277,6.333333333333333,23.346320346320347,19.207792207792206,0.09064175627164502
Oregon,2008,0.010952497088414625,0.019139314024390248,0.0009783542591463405,0.33779061890243917,2.6798780487804876,6.103658536585366,24.213414634146343,19.432926829268293,0.0922151960685976
Oregon,2009,0.010359543484149858,0.01925165129682998,0.001623941279538905,0.3240758270893374,3.250720461095101,5.815561959654179,24.659942363112393,18.579250720461093,0.08882774078746404
Oregon,2010,0.009054466978082192,0.01902055342465753,0.001352357643835616,0.3244434410958904,2.819178082191781,5.383561643835616,24.005479452054793,17.172602739726027,0.08846770478561644
Oregon,2011,0.009132214090062114,0.018564717391304362,0.0007565045590062108,0.33737493167701904,1.9223602484472049,5.8105590062111805,23.13664596273292,16.17391304347826,0.09145709192934794
Oregon,2012,0.009063791746913581,0.0211048024691358,0.0006409169629629631,0.2965692716049387,1.2160493827160495,5.1265432098765435,26.641975308641975,16.564814814814813,0.08184469569598776
Oregon,2013,0.009730130672672673,0.0175911111111111,0.00108920187987988,0.2911319399399401,1.984984984984985,5.036036036036036,22.87987987987988,16.216216216216218,0.07988559590090093
Oregon,2014,0.008544142850299405,0.020909377245508988,0.0008537683772455092,0.24361198203592843,1.2634730538922156,3.9011976047904193,28.727544910179642,15.682634730538922,0.06847981762724559
Oregon,2015,0.009187567528767123,0.01968035068493152,0.00047633792328767116,0.2756535232876714,0.9424657534246575,4.761643835616439,28.153424657534245,16.75068493150685,0.07624944485616443
Pennsylvania,2000,0.01612897324736841,0.024542096594427323,0.005173892446439629,0.3038470563467498,21.555417956656346,5.391950464396285,39.630650154798765,29.20185758513932,0.08742300465874629
Pennsylvania,2001,0.015966047189247327,0.027191514285714317,0.005287022178801838,0.32261570783410215,22.182181259600615,5.56405529953917,47.10568356374808,30.08294930875576,0.0927650728719664
Pennsylvania,2002,0.014581970699910164,0.028257302785265,0.005071631211141062,0.2620480068882903,20.600479185384845,4.45402815214136,49.1790955375861,27.80053908355795,0.07748972789615162
Pennsylvania,2003,0.014058409992104504,0.02534464955967202,0.00493013657971454,0.26777633981172183,20.611296689948375,4.532948679016095,39.35256604919526,26.133616762830247,0.07802738398580322
Pennsylvania,2004,0.013624353984917056,0.02441398672699845,0.0046132143972850625,0.32810101146304627,20.332126696832578,5.2699849170437405,37.3342383107089,25.083257918552036,0.0926881416430617
Pennsylvania,2005,0.013450416315512737,0.027746664037394026,0.0055119489605609095,0.21446068185801978,22.157464212678935,3.558282208588957,43.80338884019866,26.21472392638037,0.06529242779287187
Pennsylvania,2006,0.012463167226948442,0.027410277716794686,0.005020520987102089,0.2327580046652033,18.71185510428101,3.754390779363337,39.47722283205269,24.56147091108672,0.06941299264901213
Pennsylvania,2007,0.01214729011943101,0.028704053676865186,0.005195069763553395,0.23958902844873894,19.60305958132045,3.7214170692431563,43.707729468599034,23.763016639828233,0.07140886050214713
Pennsylvania,2008,0.011099636312841877,0.027025495181036748,0.003998871505860895,0.18586784240687645,15.40140661630633,2.93670226621516,39.29851523834332,22.032821047147696,0.056997961351654
Pennsylvania,2009,0.01065458217888889,0.025304236111111145,0.00355566866333334,0.23609909944444457,12.755555555555556,3.743888888888889,34.01111111111111,20.411666666666665,0.06890339659944449
Pennsylvania,2010,0.010942013792490105,0.028054713932806317,0.00292842769762846,0.2697979940711454,9.486166007905139,4.103754940711463,39.637351778656125,21.66403162055336,0.07793078737351758
Pennsylvania,2011,0.011234420499091879,0.024836819469669428,0.002149882806393019,0.23362964911006204,7.20050853614239,3.714130039956411,33.20050853614239,21.127860515800943,0.06796269297130408
Pennsylvania,2012,0.011094888239270396,0.024567732117310503,0.0021962478243919914,0.22389069420600838,6.801144492131616,3.5954935622317596,33.699928469241776,21.219241773962803,0.06543739059674532
Pennsylvania,2013,0.00962213146313604,0.024825906195915508,0.002109741004499823,0.1671547296642435,6.2540671512634125,2.7660089996538595,34.884389061959155,18.527864312911042,0.050928127081948715
Pennsylvania,2014,0.009261800767279959,0.02605895126802584,0.0022621150964694113,0.19115591844853283,7.355544505221283,3.150671307807061,35.759820984584785,18.849328692192937,0.057184696395077006
Pennsylvania,2015,0.0070058461313005456,0.027673545737398875,0.0013586189682638437,0.17394792532669573,6.107031736154325,2.7548226509023026,37.53329184816428,15.20161792159303,0.05249648404091475
Pennsylvania,2016,0.007500876856287427,0.02786286227544909,0.0010675587544910169,0.09700902694610786,4.209580838323354,1.7365269461077844,33.362275449101794,15.688622754491018,0.03336008120808385
Rhode Island,2011,0.005383758893939392,0.030740999999999994,0.00016423056060606064,0.18957849242424232,1.5303030303030303,2.606060606060606,38.78787878787879,11.431818181818182,0.05646687046969694
Rhode Island,2012,0.006287777407843137,0.0314416431372549,0.0006683109529411762,0.2213697764705883,2.5098039215686274,3.0,38.537254901960786,12.533333333333333,0.06494187699215688
Rhode Island,2013,0.007559365497175144,0.02989392372881357,0.0007076258898305085,0.22455137005649717,2.3502824858757063,3.172316384180791,38.03954802259887,14.94632768361582,0.0656780712930791
Rhode Island,2014,0.007308159533519551,0.02915471508379887,0.0006311655754189944,0.23089682960893895,1.7318435754189945,3.2458100558659218,36.35195530726257,14.516759776536313,0.06699771745041909
Rhode Island,2015,0.007640185122222218,0.029185163888888876,0.0003439151833333334,0.23316516111111155,0.7388888888888889,3.3722222222222222,37.705555555555556,15.53888888888889,0.06758360632638899
Rhode Island,2016,0.007740604504132233,0.032333685950413214,0.00037955843801652886,0.23746857024793366,0.6363636363636364,3.206611570247934,36.85123966942149,15.925619834710744,0.06948060478512391
South Carolina,2003,0.002355526345454545,0.03203885454545454,0.0007105059818181821,0.2621781000000001,4.3090909090909095,3.2636363636363637,37.9,5.9363636363636365,0.07432074671818184
South Carolina,2006,0.002047973706896553,0.0335276896551724,0.0012243701982758604,0.14577327586206928,7.195402298850575,1.8477011494252873,42.054597701149426,5.224137931034483,0.04564332735560352
South Carolina,2007,0.0020304343201320136,0.03238223432343236,0.0008915938118811877,0.13179856435643575,4.742574257425742,1.7722772277227723,37.29042904290429,5.079207920792079,0.04177570670297033
South Carolina,2008,0.0017397764643962853,0.030829743034055734,0.0008362857368421045,0.12820434674922626,5.436532507739938,1.6006191950464397,36.13312693498452,4.43343653250774,0.0404025379961301
South Carolina,2009,0.0014503615743944624,0.02897945674740486,0.0005487689757785468,0.06614210380622841,3.1453287197231834,0.8166089965397924,32.2560553633218,3.7889273356401385,0.02428017277595157
South Carolina,2010,0.0014259290818965512,0.03257925862068966,0.0006625045517241378,0.08706840086206896,2.935344827586207,1.1120689655172413,37.564655172413794,4.258620689655173,0.030434023279094828
South Carolina,2016,0.009312170689655175,0.029760551724137937,0.0002449678275862068,0.1592911724137931,0.5172413793103449,2.4827586206896552,36.758620689655174,18.655172413793103,0.0496522156637931
South Dakota,2011,0.006199277436619717,0.030381374647887326,0.0004462346619718313,0.19312551267605632,0.5774647887323944,2.5661971830985917,33.267605633802816,13.625352112676056,0.057538099855633795
South Dakota,2012,0.0062439148021978,0.031568510989011,0.0004882271593406596,0.19543034065934087,0.6483516483516484,2.659340659340659,37.222527472527474,13.82967032967033,0.05843274840247258
South Dakota,2013,0.004068357503586798,0.031068743185078906,0.0004391806527977035,0.1658091951219508,0.5351506456241033,2.005738880918221,33.951219512195124,8.661406025824965,0.05034636911585355
South Dakota,2014,0.005043101250704224,0.03115134366197183,0.0007155367239436631,0.18905318591549314,1.343661971830986,2.476056338028169,37.01690140845071,11.605633802816902,0.05649079188802821
South Dakota,2015,0.004731084420195439,0.02409612377850164,0.0003760368338762215,0.19555954071661258,0.3257328990228013,2.6123778501628663,30.078175895765472,9.719869706840392,0.05619069643729647
Tennessee,2002,0.003085692408219179,0.03387180273972602,0.0012324969424657537,1.0,3.578082191780822,11.0,57.01917808219178,7.427397260273972,0.25954749802260274
Tennessee,2003,0.0048213964215686285,0.03420176470588236,0.0013126243431372552,1.0,3.2941176470588234,11.0,43.57843137254902,9.254901960784315,0.26008394636764703
Tennessee,2008,0.0012534174886363642,0.03505622727272728,0.0013699041136363646,0.20315885227272712,4.681818181818182,2.5568181818181817,35.14772727272727,2.5113636363636362,0.060209600286931786
Tennessee,2009,0.0007605121170886072,0.03865249050632908,0.0007049498512658239,0.1634992784810132,1.9430379746835442,1.889240506329114,38.110759493670884,1.4841772151898733,0.05090430773892418
Tennessee,2010,0.0008958425559566788,0.044341989169675106,0.0008937700216606503,0.18109376173285238,2.4693140794223827,1.9747292418772564,46.588447653429604,1.6462093862815885,0.05680634087003621
Tennessee,2015,0.0007760824372294373,0.03753715151515151,0.00011219777489177482,0.16921808225108242,0.1471861471861472,1.9437229437229437,42.22510822510822,1.0735930735930737,0.05191087849458879
Tennessee,2016,0.0010110646624999998,0.03798676249999998,0.0001466488375,0.18971108749999982,0.1625,2.0375,39.2,1.7125,0.05721389087499995
Texas,2000,0.016331338863681575,0.0245995054726368,0.002767253913432837,0.43753772636815935,14.282587064676617,8.492537313432836,38.6726368159204,32.40995024875622,0.12030895615447765
Texas,2001,0.016242414435620675,0.02596835080956052,0.0017383213130300653,0.38709685813415556,8.946029298380878,7.64225134926754,37.69159599074788,31.61526599845798,0.10776148617309171
Texas,2002,0.016093334541832663,0.028806737051792822,0.00036815520816733114,0.34259275796812755,2.708167330677291,6.805776892430279,41.2390438247012,31.79980079681275,0.09696524619248009
Texas,2003,0.015608571103953136,0.027007489019033642,0.002041328666910687,0.46156665739385,9.128111273792094,8.102489019033674,39.10761346998536,31.067349926793558,0.12655601154593688
Texas,2004,0.013784524631919487,0.02474300071890728,0.0020182182429906528,0.3454496959022291,7.278936017253774,6.294751976994967,34.9489575844716,27.83177570093458,0.09649885987401163
Texas,2005,0.01388057838142859,0.027119742857142845,0.0022783282450000012,0.3162393964285711,7.989285714285714,5.835714285714285,39.245714285714286,28.84357142857143,0.08987951147803563
Texas,2006,0.013522155371625875,0.025676873822975538,0.0018537196490897685,0.26375606214689257,7.889516635279347,5.097300690521029,36.9504080351538,27.89265536723164,0.07620220274764594
Texas,2007,0.013107004495880523,0.02428304119464471,0.0012555764464469606,0.23037959320288426,5.8424304840370755,4.288362512873326,34.03347064881565,25.855303810504633,0.06725630383496412
Texas,2008,0.010635034155241955,0.024719014516129033,0.0007798353479838707,0.22450463669355097,5.053225806451613,3.8608870967741935,32.88346774193548,22.052822580645163,0.06515963017822646
Texas,2009,0.008666133881447612,0.02397952787021631,0.0006749382853577378,0.20072945008319587,3.8922628951747087,3.4646422628951745,31.482945091514143,18.447171381031612,0.05851251253005438
Texas,2010,0.010824031576264442,0.025231904420549546,0.0008400010286738361,0.2283163373158132,4.045400238948626,3.7228195937873356,33.30465949820788,21.953006770211072,0.06630306858532525
Texas,2011,0.010374280488434173,0.027578572064056905,0.0006443902780249105,0.19872474421708478,3.266459074733096,3.400800711743772,36.58896797153025,21.34608540925267,0.05933049676190019
Texas,2012,0.010320078706252619,0.02716169450272761,0.0005760918342425506,0.18334896726815192,2.7687788501888377,3.2266051195971466,36.0444817456987,21.400335711288292,0.055351708077843675
Texas,2013,0.009574435186253562,0.026477662393162404,0.000393734866452991,0.1758161819800593,1.8383190883190883,3.0042735042735043,37.100071225071225,19.63888888888889,0.053065503606482066
Texas,2014,0.00953478278160061,0.02528596260284216,0.000330786782348541,0.17875492183994302,1.3676140613313388,3.0519820493642484,35.101346297681374,19.68548990276739,0.05347661350168358
Texas,2015,0.009243657782657668,0.02486637499999999,0.00026140421340090103,0.20739574380630946,1.1801801801801801,3.4245495495495497,37.218468468468465,18.139076576576578,0.06044179520059201
Texas,2016,0.010357078990476186,0.026514834285714273,0.00033129319428571434,0.22686622285714192,1.3771428571428572,4.0304761904761905,35.63428571428572,21.184761904761906,0.06601735733190453
Utah,2011,0.018201917795013837,0.027011418282548477,0.0009853244681440451,0.34716157340720255,2.3074792243767313,5.570637119113574,36.445983379501385,30.975069252077564,0.09834005848822723
Utah,2012,0.008553960392510392,0.03699409153952844,0.00022730747572815522,0.3786068904299581,0.9348127600554785,5.432732316227462,43.41192787794729,16.17753120665742,0.10609556245943128
Utah,2013,0.012847583547283704,0.03455843460764589,0.0002865744989939638,0.3324226036217305,0.9537223340040242,4.943661971830986,46.08853118712273,22.533199195171026,0.09502879906891351
Utah,2014,0.014296005786624199,0.02741368152866241,0.0004986643949044588,0.3305432261146499,1.0127388535031847,5.372611464968153,41.19108280254777,26.75796178343949,0.09318789445621024
Utah,2015,0.016981692980237162,0.027733814229249008,0.0002597817826086955,0.3614725019762847,0.6956521739130435,5.865612648221344,43.055335968379445,29.81422924901186,0.1016119477420949
Utah,2016,0.03151587314285715,0.013307619047619047,0.0006755951904761902,0.5139744761904763,1.0,8.333333333333334,21.952380952380953,43.142857142857146,0.1398683908928572
Virginia,2000,0.017918191351372563,0.022603696470588228,0.009071009739607854,0.6476056501960789,24.589019607843138,9.696470588235295,33.52,30.08156862745098,0.17429963693941186
Virginia,2006,0.013028934065735416,0.025571936729663087,0.003944900282662284,0.47279939605587495,13.27773212818406,6.557107641741989,37.191454396055875,24.23089564502876,0.12883629178348394
Virginia,2007,0.011786961742120343,0.029769137535816653,0.0038382402368672365,0.43842051480420213,14.02865329512894,6.018147086914995,42.046800382043934,23.469914040114613,0.12095371357975158
Virginia,2008,0.009991106724245585,0.026879627471383984,0.0029980319001040533,0.34973154942767976,10.53069719042664,5.036420395421436,37.32882414151925,20.95109261186264,0.09740007888085335
Virginia,2009,0.01193886651657941,0.026451439790575917,0.0026694116736474685,0.32392703490401403,11.200698080279231,4.837696335078534,31.994764397905758,24.11692844677138,0.09124668822120421
Virginia,2010,0.010016854248538017,0.03472690058479533,0.0014960287602339174,0.11864744444444458,6.169590643274854,2.008771929824561,46.02046783625731,19.85672514619883,0.04122180700950296
Virginia,2011,0.007925899977813018,0.033163537242472285,0.0006229260681458001,0.2898608811410465,4.518225039619652,4.088748019017433,43.44532488114105,16.039619651347067,0.0828933111073694
Virginia,2012,0.007994418603857559,0.03105734272997031,0.0005840523501483675,0.25130512017804196,2.973293768545994,3.5682492581602374,40.40652818991098,16.080118694362017,0.07273523346550455
Virginia,2013,0.007044391261904757,0.0274401590909091,0.000551460248917749,0.2666343354978356,2.0335497835497836,3.786796536796537,35.67099567099567,14.497835497835498,0.0754175865248918
Virginia,2014,0.005253935297297299,0.029965174880763088,0.0005976054737678854,0.26105855007949164,2.2225755166931638,3.508744038155803,38.95389507154213,11.02066772655008,0.07421881643282997
Virginia,2015,0.005442842525839797,0.02929027519379848,0.00040169584754521926,0.2681478927648588,0.9405684754521964,3.760981912144703,39.6937984496124,11.483204134366925,0.07582067658301057
Virginia,2016,0.010320662866666663,0.02290789999999999,0.0005666699333333333,0.29159725,1.1666666666666667,4.45,29.35,20.55,0.0813481207
Washington,2013,0.01161141975675676,0.015162108108108108,0.0010794164324324322,0.1799549189189189,3.72972972972973,2.4864864864864864,23.08108108108108,23.756756756756758,0.05195196580405405
Washington,2014,0.008862686761904761,0.029978190476190478,0.0002763677619047619,0.21031742857142863,0.5714285714285714,2.5238095238095237,36.142857142857146,20.38095238095238,0.062358668392857156
Washington,2015,0.009672584833333334,0.021468494047619052,0.0008278680059523812,0.20467331547619055,1.8333333333333333,2.6666666666666665,28.077380952380953,20.982142857142858,0.05916056559077383
Washington,2016,0.014999242400000003,0.01543646666666667,0.0002026328,0.28037053333333334,0.7333333333333333,4.333333333333333,23.133333333333333,26.8,0.07775221880000001
Wisconsin,2006,0.014765243103448272,0.023081554597701146,0.0026308263448275877,0.35354433620689557,8.39080459770115,5.379310344827586,28.120689655172413,26.152298850574713,0.09850549006321814
Wisconsin,2007,0.017253054774193546,0.01514241935483871,0.00249779470967742,0.3142473225806452,7.032258064516129,3.774193548387097,18.35483870967742,26.322580645161292,0.08728514785483872
Wyoming,2007,0.0017338185817174514,0.040416204986149604,0.0010369632991689749,0.16783696398891979,1.2880886426592797,2.2493074792243766,41.57617728531856,6.094182825484765,0.052755987713988955
Wyoming,2008,0.002270178382636657,0.039817488745980754,0.0005582838617363345,0.06627110932475888,0.572347266881029,1.3086816720257235,39.508038585209,6.762057877813505,0.027229265078778157
Wyoming,2011,0.004170533639198218,0.03788548775055679,0.0001758178886414255,0.1204960868596882,2.0,1.6792873051224944,39.342984409799556,11.893095768374165,0.040681981534521156
Wyoming,2012,0.0039003479291666687,0.037049962500000005,0.00028201543472222197,0.2113057111111109,3.986111111111111,2.636111111111111,40.455555555555556,11.709722222222222,0.06313450924374994
Wyoming,2013,0.004132634134078214,0.03928701117318436,0.0002174807960893855,0.0507805391061452,0.6843575418994413,0.8240223463687151,41.3072625698324,11.195530726256983,0.023604416302374292
Wyoming,2014,0.0029950079447004594,0.03729444930875577,0.00022611908064516063,0.026254728110599052,0.5483870967741935,0.4423963133640553,44.80414746543779,8.97926267281106,0.01669257611117511
Wyoming,2015,0.0030428407732342004,0.03660769516728621,0.000252237031598513,0.04714694423791822,1.8717472118959109,0.7137546468401487,42.99628252788104,9.366171003717472,0.021762429302509288
Wyoming,2016,0.0034255643888888914,0.0391485111111111,-3.631313333333332e-05,0.09529563333333323,0.2,1.1555555555555554,41.077777777777776,10.28888888888889,0.03445834892499997
